"","id","points_home_18","points_away_18","home_win_18","points_home_17","points_away_17","home_win_17","points_home_16","points_away_16","home_win_16","points_home_15","points_away_15","home_win_15"
"1",1,110,114,"Lost",85,108,"Lost",129,120,"Won",89,93,"Lost"
"2",2,105,106,"Lost",102,110,"Lost",137,116,"Won",115,101,"Won"
"3",3,92,105,"Lost",122,103,"Won",113,118,"Lost",97,112,"Lost"
"4",4,109,123,"Lost",124,114,"Won",132,113,"Won",97,108,"Lost"
"5",5,104,109,"Lost",92,101,"Lost",113,91,"Won",120,90,"Won"
"6",6,118,109,"Won",79,87,"Lost",102,135,"Lost",110,77,"Won"
"7",7,100,94,"Won",115,86,"Won",112,99,"Won",104,89,"Won"
"8",8,99,105,"Lost",109,99,"Won",115,129,"Lost",96,88,"Won"
"9",9,120,102,"Won",98,94,"Won",108,111,"Lost",101,108,"Lost"
"10",10,117,119,"Lost",96,83,"Won",108,120,"Lost",87,113,"Lost"
"11",11,118,112,"Won",92,95,"Lost",86,130,"Lost",120,111,"Won"
"12",12,99,110,"Lost",111,102,"Won",104,117,"Lost",116,78,"Won"
"13",13,125,103,"Won",126,85,"Won",136,100,"Won",118,94,"Won"
"14",14,114,111,"Won",116,86,"Won",115,105,"Won",105,99,"Won"
"15",15,108,100,"Won",127,105,"Won",113,111,"Won",133,105,"Won"
"16",16,116,94,"Won",107,94,"Won",92,91,"Won",99,84,"Won"
"17",17,96,100,"Lost",106,119,"Lost",75,114,"Lost",108,89,"Won"
"18",18,92,90,"Won",108,83,"Won",123,101,"Won",118,91,"Won"
"19",19,113,118,"Lost",114,112,"Won",110,107,"Won",115,84,"Won"
"20",20,112,101,"Won",112,102,"Won",95,121,"Lost",102,108,"Lost"
"21",21,119,108,"Won",113,104,"Won",102,109,"Lost",116,89,"Won"
"22",22,116,91,"Won",103,92,"Won",121,102,"Won",103,91,"Won"
"23",23,104,99,"Won",128,93,"Won",125,104,"Won",113,99,"Won"
"24",24,125,89,"Won",92,118,"Lost",91,102,"Lost",99,91,"Won"
"25",25,124,98,"Won",87,100,"Lost",94,115,"Lost",125,121,"Won"
"26",26,101,113,"Lost",98,101,"Lost",92,103,"Lost",91,95,"Lost"
"27",27,112,108,"Won",105,103,"Won",116,89,"Won",94,87,"Won"
"28",28,96,101,"Lost",119,100,"Won",115,104,"Won",125,132,"Lost"
"29",29,112,116,"Lost",92,113,"Lost",125,103,"Won",99,100,"Lost"
"30",30,126,121,"Won",110,128,"Lost",121,96,"Won",111,97,"Won"
"31",31,116,123,"Lost",108,103,"Won",129,119,"Won",91,95,"Lost"
"32",32,140,137,"Won",108,116,"Lost",106,94,"Won",120,108,"Won"
"33",33,116,95,"Won",112,113,"Lost",116,105,"Won",108,121,"Lost"
"34",34,90,97,"Lost",121,116,"Won",99,126,"Lost",96,100,"Lost"
"35",35,123,102,"Won",117,101,"Won",123,111,"Won",96,92,"Won"
"36",36,115,109,"Won",105,101,"Won",91,104,"Lost",123,98,"Won"
"37",37,89,94,"Lost",110,96,"Won",99,115,"Lost",96,102,"Lost"
"38",38,121,113,"Won",112,96,"Won",83,105,"Lost",110,99,"Won"
"39",39,90,112,"Lost",123,101,"Won",93,98,"Lost",104,93,"Won"
"40",40,104,100,"Won",92,102,"Lost",89,92,"Lost",97,98,"Lost"
"41",41,108,95,"Won",121,87,"Won",96,103,"Lost",106,73,"Won"
"42",42,90,86,"Won",96,91,"Won",103,99,"Won",118,106,"Won"
"43",43,110,129,"Lost",97,86,"Won",108,97,"Won",89,84,"Won"
"44",44,120,103,"Won",108,98,"Won",105,99,"Won",124,92,"Won"
"45",45,100,93,"Won",98,95,"Won",116,103,"Won",101,83,"Won"
"46",46,121,129,"Lost",122,104,"Won",92,96,"Lost",90,97,"Lost"
"47",47,115,96,"Won",107,99,"Won",118,93,"Won",106,103,"Won"
"48",48,122,100,"Won",92,87,"Won",111,101,"Won",92,104,"Lost"
"49",49,108,90,"Won",104,91,"Won",103,128,"Lost",88,90,"Lost"
"50",50,118,115,"Won",99,91,"Won",102,106,"Lost",98,108,"Lost"
"51",51,104,127,"Lost",100,119,"Lost",109,113,"Lost",114,81,"Won"
"52",52,107,91,"Won",113,96,"Won",95,104,"Lost",102,99,"Won"
"53",53,106,110,"Lost",104,102,"Won",105,98,"Won",110,83,"Won"
"54",54,105,113,"Lost",103,90,"Won",76,87,"Lost",89,85,"Won"
"55",55,85,107,"Lost",106,98,"Won",116,98,"Won",118,104,"Won"
"56",56,98,111,"Lost",100,104,"Lost",110,108,"Won",98,84,"Won"
"57",57,108,112,"Lost",102,106,"Lost",113,119,"Lost",95,116,"Lost"
"58",58,103,117,"Lost",131,123,"Won",87,104,"Lost",94,121,"Lost"
"59",59,103,119,"Lost",121,105,"Won",115,113,"Won",104,95,"Won"
"60",60,101,104,"Lost",115,102,"Won",106,111,"Lost",98,100,"Lost"
"61",61,93,98,"Lost",92,90,"Won",114,119,"Lost",100,83,"Won"
"62",62,96,104,"Lost",122,103,"Won",104,77,"Won",96,80,"Won"
"63",63,120,108,"Won",116,92,"Won",105,94,"Won",108,119,"Lost"
"64",64,115,131,"Lost",108,128,"Lost",109,101,"Won",96,88,"Won"
"65",65,118,108,"Won",119,102,"Won",115,111,"Won",91,101,"Lost"
"66",66,105,132,"Lost",97,110,"Lost",110,81,"Won",111,103,"Won"
"67",67,99,91,"Won",100,97,"Won",106,100,"Won",87,96,"Lost"
"68",68,120,99,"Won",95,102,"Lost",97,111,"Lost",102,131,"Lost"
"69",69,118,98,"Won",102,82,"Won",99,91,"Won",85,101,"Lost"
"70",70,111,82,"Won",130,119,"Won",117,111,"Won",97,96,"Won"
"71",71,114,105,"Won",120,106,"Won",96,82,"Won",115,103,"Won"
"72",72,114,94,"Won",102,111,"Lost",114,107,"Won",107,90,"Won"
"73",73,145,123,"Won",103,113,"Lost",121,109,"Won",102,81,"Won"
"74",74,131,135,"Lost",116,101,"Won",102,106,"Lost",89,72,"Won"
"75",75,84,74,"Won",113,107,"Won",118,87,"Won",94,68,"Won"
"76",76,104,99,"Won",80,98,"Lost",109,108,"Won",98,87,"Won"
"77",77,121,86,"Won",116,108,"Won",83,97,"Lost",84,85,"Lost"
"78",78,122,90,"Won",104,101,"Won",111,82,"Won",115,106,"Won"
"79",79,102,111,"Lost",113,92,"Won",95,97,"Lost",106,101,"Won"
"80",80,101,104,"Lost",114,106,"Won",113,109,"Won",123,91,"Won"
"81",81,121,104,"Won",130,103,"Won",83,98,"Lost",106,74,"Won"
"82",82,96,101,"Lost",95,97,"Lost",112,94,"Won",115,95,"Won"
"83",83,134,135,"Lost",110,97,"Won",114,113,"Won",90,100,"Lost"
"84",84,113,94,"Won",98,110,"Lost",110,102,"Won",104,78,"Won"
"85",85,114,122,"Lost",116,109,"Won",112,73,"Won",102,101,"Won"
"86",86,89,115,"Lost",101,92,"Won",93,100,"Lost",108,70,"Won"
"87",87,125,109,"Won",130,95,"Won",123,118,"Won",98,88,"Won"
"88",88,132,117,"Won",87,119,"Lost",105,111,"Lost",96,103,"Lost"
"89",89,116,127,"Lost",112,106,"Won",104,86,"Won",117,103,"Won"
"90",90,105,94,"Won",122,98,"Won",101,97,"Won",110,112,"Lost"
"91",91,99,95,"Won",137,123,"Won",115,95,"Won",109,98,"Won"
"92",92,143,137,"Won",100,115,"Lost",109,94,"Won",115,105,"Won"
"93",93,136,131,"Won",102,93,"Won",100,103,"Lost",91,96,"Lost"
"94",94,97,124,"Lost",96,83,"Won",103,76,"Won",116,81,"Won"
"95",95,100,93,"Won",93,119,"Lost",98,100,"Lost",92,97,"Lost"
"96",96,110,116,"Lost",113,121,"Lost",91,109,"Lost",144,109,"Won"
"97",97,122,99,"Won",113,101,"Won",108,96,"Won",125,104,"Won"
"98",98,86,96,"Lost",97,124,"Lost",129,104,"Won",101,96,"Won"
"99",99,100,120,"Lost",119,79,"Won",111,120,"Lost",114,105,"Won"
"100",100,103,112,"Lost",99,105,"Lost",114,105,"Won",107,99,"Won"
"101",101,120,109,"Won",98,108,"Lost",124,121,"Won",102,90,"Won"
"102",102,118,108,"Won",114,105,"Won",122,75,"Won",93,99,"Lost"
"103",103,112,111,"Won",93,115,"Lost",89,79,"Won",122,98,"Won"
"104",104,101,104,"Lost",109,123,"Lost",101,105,"Lost",102,98,"Won"
"105",105,117,109,"Won",102,86,"Won",99,98,"Won",110,84,"Won"
"106",106,90,112,"Lost",113,94,"Won",125,96,"Won",109,94,"Won"
"107",107,126,132,"Lost",98,85,"Won",99,105,"Lost",107,98,"Won"
"108",108,91,104,"Lost",88,82,"Won",97,110,"Lost",100,114,"Lost"
"109",109,96,108,"Lost",100,113,"Lost",126,125,"Won",111,120,"Lost"
"110",110,127,129,"Lost",117,123,"Lost",105,106,"Lost",105,129,"Lost"
"111",111,149,113,"Won",109,97,"Won",124,111,"Won",116,121,"Lost"
"112",112,115,107,"Won",106,112,"Lost",128,135,"Lost",112,79,"Won"
"113",113,108,116,"Lost",130,117,"Won",90,103,"Lost",92,101,"Lost"
"114",114,113,110,"Won",112,101,"Won",110,109,"Won",101,105,"Lost"
"115",115,131,104,"Won",97,112,"Lost",107,106,"Won",113,98,"Won"
"116",116,115,108,"Won",100,117,"Lost",114,121,"Lost",130,110,"Won"
"117",117,129,133,"Lost",115,134,"Lost",112,127,"Lost",98,91,"Won"
"118",118,113,109,"Won",102,115,"Lost",82,90,"Lost",108,109,"Lost"
"119",119,128,133,"Lost",96,124,"Lost",103,106,"Lost",84,100,"Lost"
"120",120,96,116,"Lost",102,108,"Lost",87,98,"Lost",129,105,"Won"
"121",121,113,111,"Won",120,126,"Lost",101,86,"Won",118,96,"Won"
"122",122,149,113,"Won",116,105,"Won",123,101,"Won",86,92,"Lost"
"123",123,112,129,"Lost",113,106,"Won",100,114,"Lost",89,93,"Lost"
"124",124,97,117,"Lost",100,137,"Lost",96,94,"Won",100,121,"Lost"
"125",125,120,96,"Won",132,130,"Won",101,88,"Won",118,107,"Won"
"126",126,111,109,"Won",97,103,"Lost",109,114,"Lost",99,100,"Lost"
"127",127,123,110,"Won",111,104,"Won",89,102,"Lost",105,102,"Won"
"128",128,112,122,"Lost",122,98,"Won",122,106,"Won",105,106,"Lost"
"129",129,119,98,"Won",92,73,"Won",120,113,"Won",114,112,"Won"
"130",130,133,126,"Won",93,94,"Lost",120,99,"Won",113,99,"Won"
"131",131,119,110,"Won",103,122,"Lost",98,94,"Won",112,109,"Won"
"132",132,120,114,"Won",96,113,"Lost",90,102,"Lost",102,109,"Lost"
"133",133,117,122,"Lost",126,106,"Won",115,107,"Won",124,109,"Won"
"134",134,122,128,"Lost",119,115,"Won",104,89,"Won",112,99,"Won"
"135",135,117,104,"Won",96,94,"Won",103,106,"Lost",111,98,"Won"
"136",136,90,108,"Lost",111,119,"Lost",123,116,"Won",110,102,"Won"
"137",137,89,108,"Lost",117,95,"Won",105,98,"Won",103,93,"Won"
"138",138,114,100,"Won",100,96,"Won",99,112,"Lost",102,98,"Won"
"139",139,114,115,"Lost",108,115,"Lost",102,105,"Lost",99,102,"Lost"
"140",140,130,122,"Won",105,100,"Won",100,103,"Lost",95,87,"Won"
"141",141,105,115,"Lost",86,115,"Lost",110,104,"Won",106,98,"Won"
"142",142,102,112,"Lost",96,78,"Won",91,114,"Lost",115,124,"Lost"
"143",143,109,115,"Lost",123,95,"Won",95,102,"Lost",97,105,"Lost"
"144",144,108,110,"Lost",122,112,"Won",111,120,"Lost",112,101,"Won"
"145",145,113,85,"Won",112,106,"Won",112,101,"Won",123,109,"Won"
"146",146,97,118,"Lost",121,95,"Won",118,141,"Lost",104,108,"Lost"
"147",147,116,89,"Won",101,98,"Won",118,111,"Won",121,103,"Won"
"148",148,103,135,"Lost",73,97,"Lost",122,102,"Won",104,97,"Won"
"149",149,119,103,"Won",120,114,"Won",108,90,"Won",97,111,"Lost"
"150",150,117,111,"Won",120,104,"Won",131,134,"Lost",88,86,"Won"
"151",151,105,130,"Lost",106,102,"Won",110,79,"Won",120,115,"Won"
"152",152,116,102,"Won",107,111,"Lost",100,91,"Won",81,91,"Lost"
"153",153,111,102,"Won",115,109,"Won",95,89,"Won",107,93,"Won"
"154",154,110,105,"Won",107,104,"Won",106,87,"Won",96,90,"Won"
"155",155,121,131,"Lost",117,110,"Won",121,107,"Won",107,89,"Won"
"156",156,113,105,"Won",97,94,"Won",98,87,"Won",103,90,"Won"
"157",157,121,109,"Won",113,110,"Won",110,109,"Won",108,92,"Won"
"158",158,122,132,"Lost",102,119,"Lost",94,110,"Lost",80,109,"Lost"
"159",159,122,102,"Won",113,94,"Won",101,113,"Lost",102,124,"Lost"
"160",160,111,102,"Won",100,83,"Won",108,103,"Won",86,88,"Lost"
"161",161,122,113,"Won",104,111,"Lost",105,109,"Lost",107,115,"Lost"
"162",162,136,135,"Won",94,88,"Won",109,103,"Won",117,124,"Lost"
"163",163,103,106,"Lost",96,108,"Lost",110,117,"Lost",103,81,"Won"
"164",164,102,130,"Lost",98,87,"Won",113,105,"Won",87,106,"Lost"
"165",165,106,113,"Lost",104,109,"Lost",91,82,"Won",112,103,"Won"
"166",166,90,95,"Lost",97,121,"Lost",113,116,"Lost",118,110,"Won"
"167",167,137,90,"Won",128,125,"Won",135,130,"Won",78,88,"Lost"
"168",168,113,96,"Won",117,107,"Won",139,115,"Won",114,109,"Won"
"169",169,132,108,"Won",113,98,"Won",116,123,"Lost",119,107,"Won"
"170",170,110,96,"Won",83,84,"Lost",115,104,"Won",86,101,"Lost"
"171",171,119,108,"Won",107,93,"Won",106,104,"Won",98,102,"Lost"
"172",172,99,90,"Won",109,115,"Lost",121,111,"Won",87,92,"Lost"
"173",173,116,121,"Lost",110,99,"Won",117,123,"Lost",136,111,"Won"
"174",174,92,100,"Lost",109,110,"Lost",130,117,"Won",100,107,"Lost"
"175",175,101,124,"Lost",96,112,"Lost",111,100,"Won",102,115,"Lost"
"176",176,109,118,"Lost",82,90,"Lost",122,114,"Won",90,94,"Lost"
"177",177,115,120,"Lost",91,101,"Lost",122,105,"Won",102,95,"Won"
"178",178,114,112,"Won",107,102,"Won",117,116,"Won",106,115,"Lost"
"179",179,98,118,"Lost",104,103,"Won",108,105,"Won",110,93,"Won"
"180",180,131,130,"Won",125,126,"Lost",99,90,"Won",100,91,"Won"
"181",181,105,115,"Lost",92,93,"Lost",117,89,"Won",89,98,"Lost"
"182",182,128,124,"Won",107,97,"Won",94,98,"Lost",105,91,"Won"
"183",183,129,115,"Won",122,124,"Lost",95,100,"Lost",108,110,"Lost"
"184",184,115,98,"Won",105,96,"Won",95,88,"Won",95,99,"Lost"
"185",185,123,110,"Won",103,92,"Won",107,98,"Won",113,110,"Won"
"186",186,105,99,"Won",103,92,"Won",90,89,"Won",98,85,"Won"
"187",187,92,117,"Lost",103,99,"Won",99,93,"Won",106,112,"Lost"
"188",188,112,85,"Won",103,106,"Lost",119,104,"Won",106,109,"Lost"
"189",189,128,118,"Won",107,116,"Lost",118,124,"Lost",99,106,"Lost"
"190",190,121,118,"Won",105,118,"Lost",117,107,"Won",107,87,"Won"
"191",191,116,110,"Won",104,111,"Lost",92,99,"Lost",94,114,"Lost"
"192",192,98,118,"Lost",118,101,"Won",106,114,"Lost",100,103,"Lost"
"193",193,103,118,"Lost",108,103,"Won",100,103,"Lost",101,95,"Won"
"194",194,107,99,"Won",126,114,"Won",106,110,"Lost",119,117,"Won"
"195",195,121,124,"Lost",94,97,"Lost",88,105,"Lost",116,109,"Won"
"196",196,115,100,"Won",99,111,"Lost",110,97,"Won",105,97,"Won"
"197",197,125,116,"Won",103,93,"Won",121,118,"Won",105,109,"Lost"
"198",198,106,116,"Lost",116,106,"Won",98,110,"Lost",105,94,"Won"
"199",199,99,104,"Lost",114,110,"Won",133,124,"Won",79,99,"Lost"
"200",200,112,103,"Won",98,79,"Won",82,112,"Lost",91,89,"Won"
"201",201,108,94,"Won",118,86,"Won",108,118,"Lost",100,92,"Won"
"202",202,111,122,"Lost",103,107,"Lost",114,115,"Lost",96,103,"Lost"
"203",203,120,130,"Lost",97,103,"Lost",101,106,"Lost",120,111,"Won"
"204",204,121,125,"Lost",81,92,"Lost",95,91,"Won",102,100,"Won"
"205",205,95,92,"Won",105,98,"Won",96,97,"Lost",96,98,"Lost"
"206",206,124,106,"Won",137,128,"Won",106,113,"Lost",139,105,"Won"
"207",207,119,98,"Won",112,106,"Won",122,113,"Won",85,100,"Lost"
"208",208,115,103,"Won",123,104,"Won",108,119,"Lost",88,82,"Won"
"209",209,125,92,"Won",93,101,"Lost",131,112,"Won",100,106,"Lost"
"210",210,148,144,"Won",94,102,"Lost",109,95,"Won",102,94,"Won"
"211",211,113,124,"Lost",114,121,"Lost",103,74,"Won",110,99,"Won"
"212",212,127,105,"Won",106,103,"Won",91,92,"Lost",100,119,"Lost"
"213",213,124,88,"Won",113,107,"Won",91,90,"Won",100,102,"Lost"
"214",214,114,115,"Lost",106,117,"Lost",108,100,"Won",87,101,"Lost"
"215",215,90,113,"Lost",97,101,"Lost",120,106,"Won",121,116,"Won"
"216",216,96,115,"Lost",93,104,"Lost",92,107,"Lost",99,91,"Won"
"217",217,121,114,"Won",105,108,"Lost",97,98,"Lost",88,97,"Lost"
"218",218,111,106,"Won",118,99,"Won",94,109,"Lost",123,75,"Won"
"219",219,124,117,"Won",91,110,"Lost",137,125,"Won",105,93,"Won"
"220",220,108,113,"Lost",120,108,"Won",107,94,"Won",114,90,"Won"
"221",221,129,127,"Won",117,95,"Won",112,108,"Won",105,90,"Won"
"222",222,83,114,"Lost",105,99,"Won",106,94,"Won",104,101,"Won"
"223",223,99,112,"Lost",114,91,"Won",90,115,"Lost",133,111,"Won"
"224",224,91,126,"Lost",93,100,"Lost",81,97,"Lost",117,105,"Won"
"225",225,117,112,"Won",98,102,"Lost",108,95,"Won",88,101,"Lost"
"226",226,112,103,"Won",109,104,"Won",115,127,"Lost",120,110,"Won"
"227",227,123,119,"Won",100,108,"Lost",86,94,"Lost",111,89,"Won"
"228",228,108,110,"Lost",120,95,"Won",106,98,"Won",91,115,"Lost"
"229",229,93,111,"Lost",104,108,"Lost",112,100,"Won",95,112,"Lost"
"230",230,109,116,"Lost",116,112,"Won",129,108,"Won",93,107,"Lost"
"231",231,111,105,"Won",105,118,"Lost",105,112,"Lost",84,93,"Lost"
"232",232,116,87,"Won",105,99,"Won",115,87,"Won",111,92,"Won"
"233",233,106,111,"Lost",124,120,"Won",117,125,"Lost",91,115,"Lost"
"234",234,113,106,"Won",100,105,"Lost",130,120,"Won",99,102,"Lost"
"235",235,108,113,"Lost",106,94,"Won",107,117,"Lost",108,105,"Won"
"236",236,117,114,"Won",140,79,"Won",100,97,"Won",129,132,"Lost"
"237",237,98,118,"Lost",98,118,"Lost",117,107,"Won",112,105,"Won"
"238",238,116,100,"Won",100,96,"Won",130,119,"Won",108,97,"Won"
"239",239,112,89,"Won",128,125,"Won",114,100,"Won",101,90,"Won"
"240",240,107,102,"Won",112,119,"Lost",126,98,"Won",112,109,"Won"
"241",241,119,96,"Won",105,90,"Won",84,101,"Lost",110,104,"Won"
"242",242,118,115,"Won",132,129,"Won",97,95,"Won",116,94,"Won"
"243",243,116,137,"Lost",119,105,"Won",97,90,"Won",128,120,"Won"
"244",244,126,120,"Won",105,111,"Lost",110,95,"Won",105,116,"Lost"
"245",245,126,125,"Won",119,98,"Won",102,109,"Lost",92,84,"Won"
"246",246,105,110,"Lost",96,92,"Won",109,100,"Won",104,95,"Won"
"247",247,114,123,"Lost",102,135,"Lost",117,95,"Won",106,94,"Won"
"248",248,126,118,"Won",120,127,"Lost",122,97,"Won",113,91,"Won"
"249",249,114,118,"Lost",98,90,"Won",104,100,"Won",96,94,"Won"
"250",250,105,121,"Lost",86,93,"Lost",126,113,"Won",101,122,"Lost"
"251",251,115,101,"Won",100,99,"Won",98,116,"Lost",113,104,"Won"
"252",252,107,117,"Lost",123,109,"Won",108,101,"Won",91,79,"Won"
"253",253,121,123,"Lost",115,105,"Won",122,120,"Won",118,102,"Won"
"254",254,115,109,"Won",94,99,"Lost",98,96,"Won",107,115,"Lost"
"255",255,126,119,"Won",88,115,"Lost",112,97,"Won",87,89,"Lost"
"256",256,95,116,"Lost",111,115,"Lost",95,82,"Won",113,104,"Won"
"257",257,105,114,"Lost",124,117,"Won",87,112,"Lost",112,88,"Won"
"258",258,128,92,"Won",110,100,"Won",93,100,"Lost",104,103,"Won"
"259",259,107,116,"Lost",108,94,"Won",90,93,"Lost",119,107,"Won"
"260",260,111,105,"Won",118,115,"Won",109,133,"Lost",109,103,"Won"
"261",261,125,129,"Lost",149,141,"Won",105,90,"Won",114,98,"Won"
"262",262,101,116,"Lost",110,92,"Won",112,109,"Won",100,105,"Lost"
"263",263,106,98,"Won",89,75,"Won",107,100,"Won",99,113,"Lost"
"264",264,124,123,"Won",90,106,"Lost",110,102,"Won",111,107,"Won"
"265",265,93,75,"Won",125,132,"Lost",125,124,"Won",107,100,"Won"
"266",266,125,130,"Lost",108,89,"Won",95,111,"Lost",91,88,"Won"
"267",267,110,107,"Won",120,129,"Lost",114,105,"Won",124,91,"Won"
"268",268,101,91,"Won",109,122,"Lost",104,111,"Lost",91,75,"Won"
"269",269,129,102,"Won",122,117,"Won",105,99,"Won",107,96,"Won"
"270",270,117,102,"Won",109,102,"Won",112,95,"Won",92,91,"Won"
"271",271,119,116,"Won",101,107,"Lost",123,109,"Won",102,117,"Lost"
"272",272,129,120,"Won",114,106,"Won",116,91,"Won",109,102,"Won"
"273",273,135,128,"Won",124,101,"Won",104,115,"Lost",104,109,"Lost"
"274",274,136,138,"Lost",109,114,"Lost",118,102,"Won",97,103,"Lost"
"275",275,121,116,"Won",101,94,"Won",120,125,"Lost",132,120,"Won"
"276",276,88,110,"Lost",117,101,"Won",110,94,"Won",105,100,"Won"
"277",277,108,103,"Won",103,97,"Won",97,113,"Lost",105,120,"Lost"
"278",278,102,100,"Won",109,124,"Lost",98,93,"Won",109,105,"Won"
"279",279,114,98,"Won",100,87,"Won",108,78,"Won",85,94,"Lost"
"280",280,111,97,"Won",83,92,"Lost",95,86,"Won",80,88,"Lost"
"281",281,123,114,"Won",120,116,"Won",104,96,"Won",93,101,"Lost"
"282",282,110,116,"Lost",122,115,"Won",105,109,"Lost",115,103,"Won"
"283",283,98,113,"Lost",121,113,"Won",117,92,"Won",111,115,"Lost"
"284",284,108,102,"Won",93,98,"Lost",116,74,"Won",99,89,"Won"
"285",285,110,122,"Lost",91,92,"Lost",112,107,"Won",109,97,"Won"
"286",286,109,83,"Won",99,106,"Lost",95,98,"Lost",122,101,"Won"
"287",287,128,121,"Won",117,129,"Lost",75,87,"Lost",92,85,"Won"
"288",288,108,106,"Won",110,118,"Lost",128,112,"Won",113,102,"Won"
"289",289,120,91,"Won",101,96,"Won",123,105,"Won",87,79,"Won"
"290",290,126,120,"Won",110,111,"Lost",103,109,"Lost",103,109,"Lost"
"291",291,111,98,"Won",98,93,"Won",103,107,"Lost",97,111,"Lost"
"292",292,120,100,"Won",120,113,"Won",91,83,"Won",115,108,"Won"
"293",293,100,99,"Won",116,88,"Won",102,123,"Lost",105,91,"Won"
"294",294,100,90,"Won",113,105,"Won",110,121,"Lost",116,111,"Won"
"295",295,108,96,"Won",126,117,"Won",91,103,"Lost",112,117,"Lost"
"296",296,108,74,"Won",124,125,"Lost",129,114,"Won",112,130,"Lost"
"297",297,132,111,"Won",123,119,"Won",122,92,"Won",90,95,"Lost"
"298",298,104,106,"Lost",117,106,"Won",107,112,"Lost",94,101,"Lost"
"299",299,97,114,"Lost",98,101,"Lost",98,77,"Won",94,99,"Lost"
"300",300,103,98,"Won",111,116,"Lost",117,104,"Won",106,109,"Lost"
"301",301,106,99,"Won",107,119,"Lost",120,112,"Won",116,98,"Won"
"302",302,107,123,"Lost",102,116,"Lost",83,97,"Lost",118,102,"Won"
"303",303,113,130,"Lost",97,110,"Lost",91,98,"Lost",96,86,"Won"
"304",304,105,112,"Lost",106,112,"Lost",139,100,"Won",118,110,"Won"
"305",305,133,107,"Won",119,115,"Won",106,110,"Lost",103,69,"Won"
"306",306,104,125,"Lost",108,72,"Won",101,107,"Lost",109,130,"Lost"
"307",307,126,101,"Won",110,79,"Won",96,97,"Lost",107,99,"Won"
"308",308,121,115,"Won",107,129,"Lost",128,96,"Won",99,98,"Won"
"309",309,103,75,"Won",112,103,"Won",104,122,"Lost",117,96,"Won"
"310",310,118,106,"Won",109,93,"Won",87,81,"Won",114,118,"Lost"
"311",311,89,98,"Lost",103,121,"Lost",100,77,"Won",108,114,"Lost"
"312",312,140,115,"Won",106,101,"Won",106,104,"Won",106,122,"Lost"
"313",313,131,108,"Won",115,99,"Won",109,115,"Lost",108,123,"Lost"
"314",314,104,125,"Lost",106,132,"Lost",100,78,"Won",121,85,"Won"
"315",315,106,89,"Won",122,129,"Lost",113,93,"Won",103,98,"Won"
"316",316,128,116,"Won",109,103,"Won",107,99,"Won",116,110,"Won"
"317",317,105,97,"Won",99,116,"Lost",119,104,"Won",131,114,"Won"
"318",318,93,94,"Lost",130,104,"Won",114,108,"Won",89,107,"Lost"
"319",319,103,92,"Won",82,105,"Lost",120,115,"Won",108,87,"Won"
"320",320,121,114,"Won",97,99,"Lost",129,101,"Won",98,106,"Lost"
"321",321,111,115,"Lost",97,120,"Lost",100,80,"Won",96,107,"Lost"
"322",322,94,102,"Lost",127,113,"Won",120,112,"Won",124,119,"Won"
"323",323,112,114,"Lost",122,115,"Won",102,98,"Won",107,109,"Lost"
"324",324,135,130,"Won",129,102,"Won",101,110,"Lost",124,81,"Won"
"325",325,107,120,"Lost",114,80,"Won",117,112,"Won",130,81,"Won"
"326",326,131,114,"Won",104,94,"Won",116,118,"Lost",128,94,"Won"
"327",327,127,120,"Won",113,105,"Won",112,104,"Won",107,104,"Won"
"328",328,112,111,"Won",99,83,"Won",112,100,"Won",94,85,"Won"
"329",329,111,106,"Won",112,87,"Won",112,92,"Won",125,107,"Won"
"330",330,126,110,"Won",108,105,"Won",122,125,"Lost",90,114,"Lost"
"331",331,104,112,"Lost",78,95,"Lost",104,116,"Lost",104,75,"Won"
"332",332,107,91,"Won",120,112,"Won",102,95,"Won",99,108,"Lost"
"333",333,114,104,"Won",97,116,"Lost",104,89,"Won",100,109,"Lost"
"334",334,104,127,"Lost",125,116,"Won",107,85,"Won",87,90,"Lost"
"335",335,122,105,"Won",125,108,"Won",90,107,"Lost",105,112,"Lost"
"336",336,118,110,"Won",94,88,"Won",98,100,"Lost",125,109,"Won"
"337",337,117,98,"Won",116,102,"Won",124,125,"Lost",111,125,"Lost"
"338",338,121,129,"Lost",111,125,"Lost",92,105,"Lost",112,104,"Won"
"339",339,84,91,"Lost",108,99,"Won",121,81,"Won",95,83,"Won"
"340",340,131,114,"Won",109,117,"Lost",94,115,"Lost",103,92,"Won"
"341",341,132,123,"Won",115,87,"Won",99,85,"Won",93,85,"Won"
"342",342,104,111,"Lost",110,107,"Won",103,102,"Won",116,100,"Won"
"343",343,113,107,"Won",84,104,"Lost",105,99,"Won",123,116,"Won"
"344",344,108,107,"Won",119,121,"Lost",119,99,"Won",121,84,"Won"
"345",345,104,114,"Lost",119,110,"Won",105,96,"Won",118,103,"Won"
"346",346,107,96,"Won",99,110,"Lost",122,130,"Lost",95,89,"Won"
"347",347,109,111,"Lost",101,114,"Lost",106,101,"Won",98,102,"Lost"
"348",348,99,115,"Lost",108,113,"Lost",98,114,"Lost",96,118,"Lost"
"349",349,105,96,"Won",108,107,"Won",102,92,"Won",121,114,"Won"
"350",350,114,106,"Won",114,128,"Lost",114,108,"Won",96,99,"Lost"
"351",351,95,107,"Lost",106,90,"Won",110,122,"Lost",114,93,"Won"
"352",352,120,111,"Won",117,113,"Won",98,91,"Won",100,107,"Lost"
"353",353,131,120,"Won",112,122,"Lost",110,105,"Won",128,112,"Won"
"354",354,95,128,"Lost",118,107,"Won",108,101,"Won",101,94,"Won"
"355",355,127,88,"Won",111,87,"Won",104,93,"Won",104,96,"Won"
"356",356,114,113,"Won",114,101,"Won",87,94,"Lost",109,101,"Won"
"357",357,104,103,"Won",116,121,"Lost",108,115,"Lost",116,98,"Won"
"358",358,114,105,"Won",112,90,"Won",107,91,"Won",108,120,"Lost"
"359",359,112,115,"Lost",92,89,"Won",115,98,"Won",122,113,"Won"
"360",360,115,108,"Won",125,103,"Won",114,104,"Won",104,118,"Lost"
"361",361,105,113,"Lost",89,105,"Lost",113,123,"Lost",116,96,"Won"
"362",362,108,118,"Lost",100,98,"Won",86,99,"Lost",114,108,"Won"
"363",363,104,115,"Lost",94,80,"Won",121,126,"Lost",96,102,"Lost"
"364",364,118,123,"Lost",103,108,"Lost",122,111,"Won",97,128,"Lost"
"365",365,128,107,"Won",113,112,"Won",127,131,"Lost",120,108,"Won"
"366",366,107,93,"Won",103,98,"Won",98,112,"Lost",111,120,"Lost"
"367",367,112,107,"Won",95,98,"Lost",105,113,"Lost",115,94,"Won"
"368",368,135,121,"Won",109,126,"Lost",98,106,"Lost",104,99,"Won"
"369",369,99,95,"Won",118,110,"Won",111,119,"Lost",91,116,"Lost"
"370",370,93,129,"Lost",123,120,"Won",109,95,"Won",110,94,"Won"
"371",371,112,117,"Lost",102,99,"Won",109,122,"Lost",84,91,"Lost"
"372",372,117,88,"Won",107,100,"Won",100,88,"Won",116,109,"Won"
"373",373,117,120,"Lost",117,126,"Lost",112,110,"Won",107,98,"Won"
"374",374,81,111,"Lost",105,96,"Won",108,96,"Won",108,103,"Won"
"375",375,116,102,"Won",123,120,"Won",88,83,"Won",103,106,"Lost"
"376",376,112,120,"Lost",112,116,"Lost",116,102,"Won",99,91,"Won"
"377",377,118,109,"Won",108,100,"Won",96,97,"Lost",100,90,"Won"
"378",378,115,111,"Won",91,98,"Lost",105,112,"Lost",115,112,"Won"
"379",379,161,168,"Lost",115,106,"Won",109,106,"Won",90,109,"Lost"
"380",380,112,123,"Lost",110,99,"Won",115,114,"Won",119,113,"Won"
"381",381,119,117,"Won",109,114,"Lost",109,110,"Lost",96,104,"Lost"
"382",382,107,96,"Won",95,102,"Lost",104,89,"Won",112,95,"Won"
"383",383,116,130,"Lost",108,100,"Won",97,105,"Lost",100,109,"Lost"
"384",384,109,116,"Lost",102,108,"Lost",106,136,"Lost",116,114,"Won"
"385",385,120,131,"Lost",96,103,"Lost",101,94,"Won",123,103,"Won"
"386",386,122,115,"Won",116,124,"Lost",120,92,"Won",103,98,"Won"
"387",387,103,96,"Won",116,108,"Won",91,101,"Lost",107,113,"Lost"
"388",388,118,125,"Lost",128,105,"Won",102,112,"Lost",120,103,"Won"
"389",389,121,118,"Won",113,131,"Lost",123,108,"Won",102,89,"Won"
"390",390,104,108,"Lost",97,108,"Lost",97,90,"Won",99,100,"Lost"
"391",391,104,111,"Lost",116,111,"Won",130,116,"Won",94,106,"Lost"
"392",392,113,118,"Lost",108,99,"Won",105,102,"Won",132,118,"Won"
"393",393,131,123,"Won",110,87,"Won",106,114,"Lost",108,100,"Won"
"394",394,116,125,"Lost",104,117,"Lost",110,99,"Won",104,94,"Won"
"395",395,126,125,"Won",107,102,"Won",130,135,"Lost",97,107,"Lost"
"396",396,92,97,"Lost",134,106,"Won",112,101,"Won",108,101,"Won"
"397",397,107,109,"Lost",101,109,"Lost",104,100,"Won",84,102,"Lost"
"398",398,105,93,"Won",102,110,"Lost",112,97,"Won",102,112,"Lost"
"399",399,110,101,"Won",110,111,"Lost",118,111,"Won",105,104,"Won"
"400",400,111,105,"Won",116,121,"Lost",98,101,"Lost",117,115,"Won"
"401",401,140,141,"Lost",92,105,"Lost",95,115,"Lost",108,83,"Won"
"402",402,125,119,"Won",118,103,"Won",94,87,"Won",94,88,"Won"
"403",403,108,103,"Won",129,123,"Won",120,103,"Won",116,101,"Won"
"404",404,118,95,"Won",102,101,"Won",114,109,"Won",120,121,"Lost"
"405",405,121,112,"Won",104,107,"Lost",90,101,"Lost",77,106,"Lost"
"406",406,110,121,"Lost",116,99,"Won",96,105,"Lost",108,92,"Won"
"407",407,110,123,"Lost",120,122,"Lost",100,95,"Won",86,94,"Lost"
"408",408,113,109,"Won",104,123,"Lost",125,98,"Won",101,104,"Lost"
"409",409,101,85,"Won",109,98,"Won",98,110,"Lost",121,106,"Won"
"410",410,121,124,"Lost",104,87,"Won",109,86,"Won",102,89,"Won"
"411",411,106,117,"Lost",111,125,"Lost",103,99,"Won",99,119,"Lost"
"412",412,119,111,"Won",123,94,"Won",100,99,"Won",116,93,"Won"
"413",413,110,105,"Won",125,116,"Won",80,107,"Lost",104,94,"Won"
"414",414,112,105,"Won",112,105,"Won",103,122,"Lost",100,95,"Won"
"415",415,110,111,"Lost",109,103,"Won",100,109,"Lost",104,98,"Won"
"416",416,121,112,"Won",85,96,"Lost",112,108,"Won",99,104,"Lost"
"417",417,98,113,"Lost",100,118,"Lost",120,113,"Won",98,104,"Lost"
"418",418,123,96,"Won",114,98,"Won",107,125,"Lost",97,81,"Won"
"419",419,130,118,"Won",121,123,"Lost",130,112,"Won",117,107,"Won"
"420",420,115,130,"Lost",94,110,"Lost",109,106,"Won",103,98,"Won"
"421",421,120,112,"Won",109,94,"Won",104,109,"Lost",126,92,"Won"
"422",422,115,117,"Lost",114,119,"Lost",91,92,"Lost",129,111,"Won"
"423",423,112,107,"Won",116,105,"Won",108,119,"Lost",85,104,"Lost"
"424",424,112,119,"Lost",115,89,"Won",102,95,"Won",121,108,"Won"
"425",425,128,115,"Won",112,121,"Lost",98,114,"Lost",109,105,"Won"
"426",426,96,119,"Lost",112,80,"Won",96,89,"Won",107,101,"Won"
"427",427,126,116,"Won",122,104,"Won",108,117,"Lost",100,96,"Won"
"428",428,116,119,"Lost",104,106,"Lost",88,102,"Lost",116,108,"Won"
"429",429,140,128,"Won",97,90,"Won",98,119,"Lost",100,95,"Won"
"430",430,112,118,"Lost",108,113,"Lost",100,96,"Won",128,121,"Won"
"431",431,125,109,"Won",98,110,"Lost",98,105,"Lost",96,103,"Lost"
"432",432,123,110,"Won",116,93,"Won",92,102,"Lost",116,131,"Lost"
"433",433,126,111,"Won",105,122,"Lost",112,106,"Won",105,95,"Won"
"434",434,109,110,"Lost",119,122,"Lost",98,104,"Lost",113,99,"Won"
"435",435,120,117,"Won",120,102,"Won",118,110,"Won",87,76,"Won"
"436",436,122,125,"Lost",89,112,"Lost",124,121,"Won",114,101,"Won"
"437",437,104,115,"Lost",124,123,"Won",85,99,"Lost",102,111,"Lost"
"438",438,106,112,"Lost",122,119,"Won",105,86,"Won",130,116,"Won"
"439",439,104,114,"Lost",117,128,"Lost",110,109,"Won",128,101,"Won"
"440",440,148,147,"Won",81,100,"Lost",113,95,"Won",81,98,"Lost"
"441",441,111,98,"Won",124,102,"Won",96,83,"Won",101,89,"Won"
"442",442,106,102,"Won",111,96,"Won",99,117,"Lost",110,112,"Lost"
"443",443,99,113,"Lost",113,120,"Lost",142,130,"Won",95,103,"Lost"
"444",444,98,97,"Won",103,110,"Lost",112,95,"Won",94,104,"Lost"
"445",445,125,123,"Won",115,116,"Lost",120,112,"Won",91,102,"Lost"
"446",446,111,106,"Won",107,110,"Lost",102,92,"Won",118,121,"Lost"
"447",447,127,89,"Won",134,127,"Won",107,97,"Won",111,106,"Won"
"448",448,91,106,"Lost",123,134,"Lost",128,121,"Won",96,98,"Lost"
"449",449,131,122,"Won",119,111,"Won",95,109,"Lost",95,96,"Lost"
"450",450,139,148,"Lost",104,98,"Won",110,93,"Won",94,103,"Lost"
"451",451,97,106,"Lost",102,104,"Lost",97,84,"Won",108,95,"Won"
"452",452,118,110,"Won",104,102,"Won",90,108,"Lost",99,97,"Won"
"453",453,111,126,"Lost",103,108,"Lost",129,109,"Won",103,88,"Won"
"454",454,129,120,"Won",113,118,"Lost",97,105,"Lost",122,116,"Won"
"455",455,122,110,"Won",119,129,"Lost",103,112,"Lost",107,117,"Lost"
"456",456,121,111,"Won",98,122,"Lost",114,108,"Won",95,112,"Lost"
"457",457,101,112,"Lost",100,91,"Won",99,129,"Lost",114,130,"Lost"
"458",458,120,118,"Won",114,121,"Lost",119,104,"Won",112,107,"Won"
"459",459,129,107,"Won",139,117,"Won",123,113,"Won",123,119,"Won"
"460",460,134,107,"Won",107,97,"Won",116,100,"Won",106,116,"Lost"
"461",461,117,113,"Won",123,117,"Won",98,111,"Lost",105,119,"Lost"
"462",462,109,112,"Lost",115,112,"Won",104,103,"Won",78,96,"Lost"
"463",463,107,108,"Lost",97,92,"Won",79,107,"Lost",114,103,"Won"
"464",464,88,118,"Lost",108,126,"Lost",113,104,"Won",108,105,"Won"
"465",465,115,108,"Won",112,120,"Lost",116,108,"Won",111,91,"Won"
"466",466,107,104,"Won",109,114,"Lost",90,85,"Won",112,118,"Lost"
"467",467,121,112,"Won",117,109,"Won",125,129,"Lost",114,105,"Won"
"468",468,99,90,"Won",103,118,"Lost",98,91,"Won",109,104,"Won"
"469",469,127,125,"Won",108,92,"Won",91,95,"Lost",128,119,"Won"
"470",470,99,112,"Lost",101,114,"Lost",109,117,"Lost",103,116,"Lost"
"471",471,120,104,"Won",105,101,"Won",99,112,"Lost",81,87,"Lost"
"472",472,130,120,"Won",101,99,"Won",111,88,"Won",92,108,"Lost"
"473",473,120,111,"Won",129,83,"Won",137,101,"Won",115,124,"Lost"
"474",474,103,87,"Won",103,123,"Lost",116,105,"Won",109,89,"Won"
"475",475,102,101,"Won",118,115,"Won",99,84,"Won",110,114,"Lost"
"476",476,143,120,"Won",99,121,"Lost",109,86,"Won",117,114,"Won"
"477",477,117,104,"Won",121,113,"Won",105,94,"Won",112,104,"Won"
"478",478,108,124,"Lost",104,97,"Won",108,116,"Lost",88,96,"Lost"
"479",479,120,118,"Won",111,106,"Won",96,97,"Lost",101,93,"Won"
"480",480,125,105,"Won",110,92,"Won",99,105,"Lost",95,122,"Lost"
"481",481,105,90,"Won",96,115,"Lost",106,110,"Lost",92,102,"Lost"
"482",482,120,129,"Lost",128,138,"Lost",103,112,"Lost",108,101,"Won"
"483",483,99,104,"Lost",104,111,"Lost",107,116,"Lost",124,122,"Won"
"484",484,112,123,"Lost",112,98,"Won",120,98,"Won",124,84,"Won"
"485",485,125,134,"Lost",90,101,"Lost",102,89,"Won",106,111,"Lost"
"486",486,99,90,"Won",130,123,"Won",98,111,"Lost",92,115,"Lost"
"487",487,112,117,"Lost",122,105,"Won",132,110,"Won",101,121,"Lost"
"488",488,83,103,"Lost",113,123,"Lost",72,88,"Lost",111,118,"Lost"
"489",489,120,103,"Won",95,108,"Lost",108,110,"Lost",96,104,"Lost"
"490",490,117,110,"Won",100,82,"Won",104,109,"Lost",102,105,"Lost"
"491",491,119,106,"Won",107,123,"Lost",117,89,"Won",98,85,"Won"
"492",492,106,125,"Lost",91,97,"Lost",94,90,"Won",129,103,"Won"
"493",493,107,122,"Lost",91,85,"Won",101,102,"Lost",126,115,"Won"
"494",494,107,117,"Lost",130,104,"Won",105,99,"Won",115,111,"Won"
"495",495,122,117,"Won",106,94,"Won",102,107,"Lost",109,117,"Lost"
"496",496,102,96,"Won",114,113,"Won",100,116,"Lost",114,94,"Won"
"497",497,116,92,"Won",100,118,"Lost",117,109,"Won",95,103,"Lost"
"498",498,122,112,"Won",100,98,"Won",125,109,"Won",112,115,"Lost"
"499",499,101,119,"Lost",113,88,"Won",114,130,"Lost",110,104,"Won"
"500",500,128,129,"Lost",104,110,"Lost",133,102,"Won",98,86,"Won"
"501",501,117,95,"Won",109,103,"Won",112,80,"Won",109,98,"Won"
"502",502,127,118,"Won",121,103,"Won",104,112,"Lost",111,115,"Lost"
"503",503,135,130,"Won",106,81,"Won",99,108,"Lost",116,106,"Won"
"504",504,120,125,"Lost",115,106,"Won",123,131,"Lost",109,104,"Won"
"505",505,148,129,"Won",101,109,"Lost",92,103,"Lost",121,114,"Won"
"506",506,99,93,"Won",140,138,"Won",114,122,"Lost",98,101,"Lost"
"507",507,116,88,"Won",88,92,"Lost",107,122,"Lost",95,98,"Lost"
"508",508,101,127,"Lost",81,129,"Lost",106,122,"Lost",100,116,"Lost"
"509",509,141,102,"Won",116,98,"Won",112,107,"Won",137,105,"Won"
"510",510,115,117,"Lost",111,91,"Won",108,107,"Won",116,110,"Won"
"511",511,96,103,"Lost",108,82,"Won",115,97,"Won",111,93,"Won"
"512",512,136,94,"Won",113,123,"Lost",95,107,"Lost",113,119,"Lost"
"513",513,92,105,"Lost",89,103,"Lost",111,112,"Lost",103,89,"Won"
"514",514,107,119,"Lost",115,102,"Won",118,109,"Won",106,95,"Won"
"515",515,108,106,"Won",105,125,"Lost",112,105,"Won",105,86,"Won"
"516",516,132,122,"Won",112,93,"Won",111,120,"Lost",99,92,"Won"
"517",517,108,118,"Lost",111,91,"Won",103,111,"Lost",121,95,"Won"
"518",518,129,103,"Won",102,111,"Lost",117,132,"Lost",95,117,"Lost"
"519",519,129,137,"Lost",109,111,"Lost",110,114,"Lost",96,98,"Lost"
"520",520,94,113,"Lost",109,133,"Lost",117,106,"Won",110,114,"Lost"
"521",521,107,109,"Lost",121,104,"Won",121,102,"Won",139,134,"Won"
"522",522,110,118,"Lost",104,98,"Won",88,106,"Lost",90,109,"Lost"
"523",523,127,112,"Won",104,101,"Won",110,91,"Won",92,103,"Lost"
"524",524,84,96,"Lost",97,96,"Won",94,127,"Lost",120,111,"Won"
"525",525,134,129,"Won",94,109,"Lost",112,109,"Won",90,113,"Lost"
"526",526,121,103,"Won",96,99,"Lost",115,119,"Lost",117,112,"Won"
"527",527,101,111,"Lost",101,86,"Won",123,92,"Won",100,96,"Won"
"528",528,125,118,"Won",104,108,"Lost",108,92,"Won",104,112,"Lost"
"529",529,102,89,"Won",110,115,"Lost",111,107,"Won",116,103,"Won"
"530",530,115,131,"Lost",113,103,"Won",128,104,"Won",101,119,"Lost"
"531",531,98,111,"Lost",111,107,"Won",113,114,"Lost",108,111,"Lost"
"532",532,88,95,"Lost",100,92,"Won",107,121,"Lost",112,111,"Won"
"533",533,113,108,"Won",98,115,"Lost",135,140,"Lost",119,121,"Lost"
"534",534,115,101,"Won",88,120,"Lost",93,90,"Won",123,110,"Won"
"535",535,106,107,"Lost",118,107,"Won",118,109,"Won",108,91,"Won"
"536",536,112,118,"Lost",111,120,"Lost",95,120,"Lost",120,100,"Won"
"537",537,98,125,"Lost",115,108,"Won",113,96,"Won",89,87,"Won"
"538",538,115,108,"Won",99,106,"Lost",111,106,"Won",92,98,"Lost"
"539",539,100,92,"Won",133,126,"Won",113,115,"Lost",105,104,"Won"
"540",540,99,113,"Lost",119,110,"Won",110,87,"Won",89,103,"Lost"
"541",541,102,118,"Lost",99,102,"Lost",89,74,"Won",110,117,"Lost"
"542",542,128,112,"Won",130,105,"Won",107,112,"Lost",106,112,"Lost"
"543",543,136,122,"Won",103,97,"Won",95,103,"Lost",102,116,"Lost"
"544",544,93,89,"Won",92,90,"Won",107,102,"Won",106,122,"Lost"
"545",545,107,100,"Won",100,114,"Lost",105,99,"Won",96,101,"Lost"
"546",546,92,105,"Lost",97,129,"Lost",105,91,"Won",96,94,"Won"
"547",547,117,114,"Won",104,119,"Lost",113,86,"Won",128,119,"Won"
"548",548,104,113,"Lost",104,102,"Won",105,84,"Won",93,100,"Lost"
"549",549,120,123,"Lost",122,119,"Won",125,102,"Won",79,96,"Lost"
"550",550,126,94,"Won",108,89,"Won",104,111,"Lost",108,104,"Won"
"551",551,89,105,"Lost",91,102,"Lost",105,98,"Won",112,104,"Won"
"552",552,90,114,"Lost",127,124,"Won",112,137,"Lost",99,84,"Won"
"553",553,107,89,"Won",105,101,"Won",121,97,"Won",103,98,"Won"
"554",554,99,97,"Won",127,105,"Won",99,107,"Lost",110,114,"Lost"
"555",555,99,105,"Lost",110,123,"Lost",109,106,"Won",112,105,"Won"
"556",556,135,113,"Won",116,108,"Won",102,94,"Won",106,102,"Won"
"557",557,132,105,"Won",91,89,"Won",97,106,"Lost",89,98,"Lost"
"558",558,116,113,"Won",103,73,"Won",116,108,"Won",116,108,"Won"
"559",559,105,115,"Lost",124,108,"Won",121,117,"Won",102,96,"Won"
"560",560,117,126,"Lost",102,88,"Won",114,102,"Won",95,98,"Lost"
"561",561,122,117,"Won",102,96,"Won",113,107,"Won",93,107,"Lost"
"562",562,116,121,"Lost",111,95,"Won",121,117,"Won",106,94,"Won"
"563",563,126,124,"Won",109,104,"Won",103,105,"Lost",128,119,"Won"
"564",564,105,121,"Lost",125,114,"Won",104,108,"Lost",103,104,"Lost"
"565",565,101,92,"Won",114,107,"Won",116,108,"Won",85,91,"Lost"
"566",566,100,132,"Lost",103,114,"Lost",108,113,"Lost",115,110,"Won"
"567",567,112,104,"Won",106,104,"Won",102,86,"Won",84,81,"Won"
"568",568,92,95,"Lost",129,99,"Won",120,133,"Lost",90,116,"Lost"
"569",569,118,123,"Lost",96,104,"Lost",88,98,"Lost",111,105,"Won"
"570",570,101,104,"Lost",105,96,"Won",125,97,"Won",105,111,"Lost"
"571",571,122,108,"Won",105,100,"Won",109,104,"Won",96,99,"Lost"
"572",572,118,112,"Won",120,109,"Won",90,95,"Lost",103,110,"Lost"
"573",573,103,98,"Won",107,95,"Won",116,93,"Won",106,97,"Won"
"574",574,120,123,"Lost",88,95,"Lost",118,98,"Won",86,124,"Lost"
"575",575,111,125,"Lost",110,111,"Lost",113,95,"Won",102,95,"Won"
"576",576,132,119,"Won",96,110,"Lost",99,119,"Lost",100,114,"Lost"
"577",577,97,106,"Lost",113,102,"Won",104,88,"Won",121,134,"Lost"
"578",578,116,102,"Won",103,112,"Lost",114,124,"Lost",117,114,"Won"
"579",579,114,126,"Lost",121,104,"Won",100,128,"Lost",90,93,"Lost"
"580",580,106,103,"Won",123,111,"Won",126,111,"Won",110,97,"Won"
"581",581,111,115,"Lost",122,112,"Won",117,101,"Won",85,81,"Won"
"582",582,126,110,"Won",113,98,"Won",108,106,"Won",102,107,"Lost"
"583",583,120,111,"Won",108,121,"Lost",105,83,"Won",102,108,"Lost"
"584",584,91,95,"Lost",114,112,"Won",108,94,"Won",89,97,"Lost"
"585",585,109,99,"Won",104,129,"Lost",115,98,"Won",115,102,"Won"
"586",586,94,100,"Lost",95,91,"Won",120,116,"Won",97,104,"Lost"
"587",587,101,106,"Lost",109,105,"Won",122,119,"Won",107,95,"Won"
"588",588,121,119,"Won",111,97,"Won",104,96,"Won",119,115,"Won"
"589",589,96,99,"Lost",91,89,"Won",111,105,"Won",106,111,"Lost"
"590",590,106,101,"Won",121,110,"Won",113,109,"Won",100,105,"Lost"
"591",591,108,99,"Won",115,108,"Won",104,97,"Won",112,97,"Won"
"592",592,132,95,"Won",93,97,"Lost",96,115,"Lost",95,110,"Lost"
"593",593,106,102,"Won",103,108,"Lost",142,139,"Won",114,98,"Won"
"594",594,118,126,"Lost",100,109,"Lost",107,91,"Won",107,92,"Won"
"595",595,122,116,"Won",116,91,"Won",120,101,"Won",112,93,"Won"
"596",596,106,120,"Lost",115,113,"Won",94,107,"Lost",105,96,"Won"
"597",597,105,120,"Lost",93,107,"Lost",113,114,"Lost",111,104,"Won"
"598",598,110,106,"Won",78,97,"Lost",121,108,"Won",120,93,"Won"
"599",599,123,103,"Won",85,107,"Lost",101,105,"Lost",105,87,"Won"
"600",600,114,110,"Won",88,89,"Lost",111,113,"Lost",119,114,"Won"
"601",601,99,111,"Lost",121,112,"Won",106,109,"Lost",91,78,"Won"
"602",602,110,114,"Lost",130,118,"Won",116,103,"Won",95,116,"Lost"
"603",603,122,120,"Won",126,113,"Won",108,112,"Lost",96,93,"Won"
"604",604,101,121,"Lost",96,101,"Lost",144,98,"Won",82,101,"Lost"
"605",605,107,118,"Lost",95,98,"Lost",95,102,"Lost",105,108,"Lost"
"606",606,94,98,"Lost",116,101,"Won",112,123,"Lost",111,107,"Won"
"607",607,114,108,"Won",115,101,"Won",129,109,"Won",109,105,"Won"
"608",608,120,105,"Won",93,108,"Lost",115,111,"Won",105,103,"Won"
"609",609,123,114,"Won",97,104,"Lost",124,116,"Won",122,123,"Lost"
"610",610,106,98,"Won",85,108,"Lost",128,98,"Won",121,117,"Won"
"611",611,91,118,"Lost",123,114,"Won",102,86,"Won",117,103,"Won"
"612",612,109,127,"Lost",102,113,"Lost",110,107,"Won",113,94,"Won"
"613",613,88,104,"Lost",99,105,"Lost",118,123,"Lost",106,114,"Lost"
"614",614,101,87,"Won",109,108,"Won",88,100,"Lost",102,84,"Won"
"615",615,116,106,"Won",114,102,"Won",119,103,"Won",116,108,"Won"
"616",616,103,122,"Lost",123,112,"Won",86,112,"Lost",103,107,"Lost"
"617",617,123,94,"Won",108,107,"Won",112,109,"Won",91,79,"Won"
"618",618,85,105,"Lost",112,107,"Won",109,98,"Won",103,90,"Won"
"619",619,107,99,"Won",104,90,"Won",103,109,"Lost",109,91,"Won"
"620",620,121,93,"Won",99,90,"Won",127,120,"Won",105,93,"Won"
"621",621,104,109,"Lost",105,101,"Won",96,88,"Won",111,92,"Won"
"622",622,111,130,"Lost",109,105,"Won",112,116,"Lost",113,117,"Lost"
"623",623,120,95,"Won",132,128,"Won",120,109,"Won",103,93,"Won"
"624",624,116,114,"Won",98,75,"Won",106,109,"Lost",103,83,"Won"
"625",625,95,103,"Lost",104,101,"Won",114,119,"Lost",114,105,"Won"
"626",626,115,117,"Lost",118,126,"Lost",109,114,"Lost",91,114,"Lost"
"627",627,135,115,"Won",95,103,"Lost",101,99,"Won",115,93,"Won"
"628",628,101,103,"Lost",127,107,"Won",105,114,"Lost",111,103,"Won"
"629",629,111,99,"Won",100,101,"Lost",103,113,"Lost",110,97,"Won"
"630",630,108,118,"Lost",86,94,"Lost",103,95,"Won",83,85,"Lost"
"631",631,105,113,"Lost",124,148,"Lost",105,98,"Won",123,126,"Lost"
"632",632,119,90,"Won",97,113,"Lost",106,108,"Lost",130,99,"Won"
"633",633,103,117,"Lost",105,106,"Lost",121,110,"Won",102,73,"Won"
"634",634,138,134,"Won",111,104,"Won",123,108,"Won",127,107,"Won"
"635",635,124,102,"Won",116,94,"Won",92,100,"Lost",89,91,"Lost"
"636",636,122,116,"Won",116,108,"Won",103,93,"Won",113,103,"Won"
"637",637,98,93,"Won",115,109,"Won",111,112,"Lost",98,102,"Lost"
"638",638,115,117,"Lost",125,113,"Won",99,109,"Lost",122,128,"Lost"
"639",639,113,116,"Lost",117,108,"Won",86,112,"Lost",106,89,"Won"
"640",640,115,99,"Won",86,83,"Won",105,115,"Lost",107,100,"Won"
"641",641,94,112,"Lost",101,95,"Won",105,102,"Won",112,97,"Won"
"642",642,128,112,"Won",112,122,"Lost",104,109,"Lost",90,92,"Lost"
"643",643,101,100,"Won",106,88,"Won",127,114,"Won",114,107,"Won"
"644",644,114,95,"Won",100,108,"Lost",124,122,"Won",91,116,"Lost"
"645",645,96,120,"Lost",115,117,"Lost",103,109,"Lost",84,89,"Lost"
"646",646,111,109,"Won",99,86,"Won",95,97,"Lost",108,102,"Won"
"647",647,135,105,"Won",80,89,"Lost",98,118,"Lost",111,112,"Lost"
"648",648,128,138,"Lost",104,103,"Won",122,73,"Won",105,119,"Lost"
"649",649,120,115,"Won",116,98,"Won",103,115,"Lost",92,95,"Lost"
"650",650,117,108,"Won",100,86,"Won",111,108,"Won",128,129,"Lost"
"651",651,142,145,"Lost",133,109,"Won",123,127,"Lost",120,90,"Won"
"652",652,101,111,"Lost",94,93,"Won",113,112,"Won",115,104,"Won"
"653",653,101,105,"Lost",95,100,"Lost",112,105,"Won",112,94,"Won"
"654",654,129,112,"Won",96,91,"Won",110,93,"Won",92,112,"Lost"
"655",655,147,140,"Won",112,119,"Lost",105,107,"Lost",116,106,"Won"
"656",656,109,129,"Lost",105,99,"Won",109,97,"Won",97,84,"Won"
"657",657,131,97,"Won",101,106,"Lost",95,119,"Lost",116,99,"Won"
"658",658,149,107,"Won",114,90,"Won",115,118,"Lost",106,101,"Won"
"659",659,142,126,"Won",105,120,"Lost",123,98,"Won",83,96,"Lost"
"660",660,124,86,"Won",109,104,"Won",109,100,"Won",98,95,"Won"
"661",661,111,142,"Lost",108,102,"Won",102,99,"Won",104,101,"Won"
"662",662,107,100,"Won",113,116,"Lost",93,92,"Won",121,103,"Won"
"663",663,109,102,"Won",105,102,"Won",113,78,"Won",108,97,"Won"
"664",664,112,94,"Won",118,111,"Won",112,96,"Won",116,120,"Lost"
"665",665,93,108,"Lost",107,118,"Lost",107,91,"Won",110,101,"Won"
"666",666,100,94,"Won",117,111,"Won",114,143,"Lost",86,108,"Lost"
"667",667,115,107,"Won",95,104,"Lost",108,125,"Lost",88,116,"Lost"
"668",668,117,121,"Lost",102,99,"Won",102,93,"Won",101,81,"Won"
"669",669,105,108,"Lost",104,119,"Lost",107,112,"Lost",102,98,"Won"
"670",670,138,140,"Lost",119,111,"Won",108,95,"Won",106,109,"Lost"
"671",671,114,133,"Lost",123,114,"Won",118,103,"Won",122,110,"Won"
"672",672,116,109,"Won",95,88,"Won",99,95,"Won",95,108,"Lost"
"673",673,114,119,"Lost",108,118,"Lost",110,113,"Lost",115,102,"Won"
"674",674,116,113,"Won",94,109,"Lost",118,104,"Won",115,99,"Won"
"675",675,95,101,"Lost",113,102,"Won",101,104,"Lost",101,102,"Lost"
"676",676,104,109,"Lost",97,79,"Won",94,89,"Won",91,88,"Won"
"677",677,112,108,"Won",118,123,"Lost",104,101,"Won",89,117,"Lost"
"678",678,105,103,"Won",97,120,"Lost",107,85,"Won",87,96,"Lost"
"679",679,110,106,"Won",120,103,"Won",106,117,"Lost",106,87,"Won"
"680",680,122,112,"Won",101,107,"Lost",118,98,"Won",78,91,"Lost"
"681",681,102,93,"Won",126,105,"Won",111,92,"Won",118,111,"Won"
"682",682,104,97,"Won",91,101,"Lost",118,95,"Won",115,109,"Won"
"683",683,110,102,"Won",119,113,"Won",121,100,"Won",94,125,"Lost"
"684",684,121,123,"Lost",125,127,"Lost",100,106,"Lost",114,123,"Lost"
"685",685,113,106,"Won",107,105,"Won",109,119,"Lost",109,95,"Won"
"686",686,106,121,"Lost",112,80,"Won",109,103,"Won",106,94,"Won"
"687",687,122,105,"Won",99,88,"Won",98,99,"Lost",93,112,"Lost"
"688",688,141,113,"Won",97,95,"Won",122,114,"Won",98,104,"Lost"
"689",689,115,119,"Lost",125,119,"Won",121,127,"Lost",79,91,"Lost"
"690",690,113,95,"Won",105,110,"Lost",107,108,"Lost",114,99,"Won"
"691",691,127,96,"Won",94,108,"Lost",120,101,"Won",104,110,"Lost"
"692",692,146,109,"Won",118,108,"Won",104,113,"Lost",94,97,"Lost"
"693",693,115,99,"Won",119,113,"Won",98,95,"Won",119,113,"Won"
"694",694,121,100,"Won",87,78,"Won",125,112,"Won",124,119,"Won"
"695",695,154,147,"Won",95,112,"Lost",108,98,"Won",98,108,"Lost"
"696",696,112,102,"Won",103,114,"Lost",126,91,"Won",101,99,"Won"
"697",697,135,108,"Won",133,99,"Won",101,106,"Lost",101,111,"Lost"
"698",698,123,106,"Won",115,121,"Lost",120,98,"Won",98,81,"Won"
"699",699,116,100,"Won",93,81,"Won",98,87,"Won",112,100,"Won"
"700",700,109,116,"Lost",111,115,"Lost",116,101,"Won",98,132,"Lost"
"701",701,96,86,"Won",106,114,"Lost",111,98,"Won",118,113,"Won"
"702",702,140,124,"Won",104,107,"Lost",112,137,"Lost",140,132,"Won"
"703",703,104,94,"Won",80,114,"Lost",118,122,"Lost",117,87,"Won"
"704",704,106,93,"Won",119,122,"Lost",104,108,"Lost",99,74,"Won"
"705",705,124,112,"Won",121,112,"Won",97,102,"Lost",112,83,"Won"
"706",706,113,100,"Won",105,102,"Won",113,97,"Won",129,126,"Won"
"707",707,115,123,"Lost",110,103,"Won",107,99,"Won",95,112,"Lost"
"708",708,132,115,"Won",104,88,"Won",108,105,"Won",92,105,"Lost"
"709",709,99,103,"Lost",97,110,"Lost",109,93,"Won",114,86,"Won"
"710",710,104,101,"Won",106,125,"Lost",114,107,"Won",117,119,"Lost"
"711",711,117,119,"Lost",89,90,"Lost",102,93,"Won",113,95,"Won"
"712",712,115,111,"Won",106,117,"Lost",132,113,"Won",114,89,"Won"
"713",713,122,95,"Won",114,99,"Won",116,108,"Won",103,95,"Won"
"714",714,128,109,"Won",99,86,"Won",105,110,"Lost",109,82,"Won"
"715",715,107,119,"Lost",109,96,"Won",96,86,"Won",103,110,"Lost"
"716",716,116,95,"Won",113,114,"Lost",101,103,"Lost",104,118,"Lost"
"717",717,125,113,"Won",107,116,"Lost",109,115,"Lost",113,93,"Won"
"718",718,114,102,"Won",127,99,"Won",108,120,"Lost",117,103,"Won"
"719",719,114,95,"Won",112,109,"Won",110,77,"Won",104,116,"Lost"
"720",720,97,107,"Lost",100,107,"Lost",140,112,"Won",77,83,"Lost"
"721",721,111,101,"Won",124,114,"Won",95,104,"Lost",109,107,"Won"
"722",722,111,95,"Won",108,107,"Won",104,89,"Won",108,101,"Won"
"723",723,100,117,"Lost",103,102,"Won",134,94,"Won",95,98,"Lost"
"724",724,108,86,"Won",96,100,"Lost",108,113,"Lost",77,91,"Lost"
"725",725,106,96,"Won",114,100,"Won",127,107,"Won",103,106,"Lost"
"726",726,106,82,"Won",111,110,"Won",98,97,"Won",111,115,"Lost"
"727",727,98,116,"Lost",132,113,"Won",103,95,"Won",103,101,"Won"
"728",728,121,105,"Won",105,121,"Lost",119,105,"Won",99,95,"Won"
"729",729,113,119,"Lost",85,87,"Lost",117,108,"Won",101,103,"Lost"
"730",730,123,110,"Won",108,101,"Won",105,96,"Won",116,98,"Won"
"731",731,105,110,"Lost",125,86,"Won",102,86,"Won",107,84,"Won"
"732",732,106,100,"Won",127,131,"Lost",101,99,"Won",106,101,"Won"
"733",733,98,133,"Lost",103,110,"Lost",114,106,"Won",110,104,"Won"
"734",734,116,123,"Lost",116,98,"Won",97,117,"Lost",103,94,"Won"
"735",735,108,88,"Won",106,98,"Won",121,114,"Won",107,104,"Won"
"736",736,110,101,"Won",114,78,"Won",107,109,"Lost",108,89,"Won"
"737",737,123,127,"Lost",91,84,"Won",100,92,"Won",112,110,"Won"
"738",738,91,117,"Lost",107,103,"Won",87,108,"Lost",99,85,"Won"
"739",739,114,93,"Won",110,129,"Lost",107,95,"Won",97,109,"Lost"
"740",740,115,109,"Won",124,127,"Lost",100,94,"Won",104,90,"Won"
"741",741,116,119,"Lost",103,89,"Won",96,110,"Lost",116,97,"Won"
"742",742,100,109,"Lost",99,91,"Won",94,109,"Lost",99,109,"Lost"
"743",743,120,103,"Won",100,102,"Lost",101,92,"Won",120,114,"Won"
"744",744,144,112,"Won",110,89,"Won",95,105,"Lost",91,107,"Lost"
"745",745,111,121,"Lost",94,108,"Lost",101,107,"Lost",106,101,"Won"
"746",746,112,119,"Lost",114,124,"Lost",98,86,"Won",96,101,"Lost"
"747",747,109,111,"Lost",117,127,"Lost",122,129,"Lost",107,110,"Lost"
"748",748,125,107,"Won",98,116,"Lost",88,79,"Won",95,91,"Won"
"749",749,113,117,"Lost",112,106,"Won",116,120,"Lost",79,106,"Lost"
"750",750,134,135,"Lost",121,103,"Won",124,125,"Lost",100,114,"Lost"
"751",751,84,122,"Lost",98,97,"Won",106,117,"Lost",111,103,"Won"
"752",752,92,117,"Lost",111,104,"Won",111,95,"Won",114,111,"Won"
"753",753,114,98,"Won",102,88,"Won",123,109,"Won",87,93,"Lost"
"754",754,126,121,"Won",115,124,"Lost",117,108,"Won",85,95,"Lost"
"755",755,115,102,"Won",122,101,"Won",123,118,"Won",101,98,"Won"
"756",756,84,112,"Lost",122,125,"Lost",121,106,"Won",107,103,"Won"
"757",757,94,101,"Lost",134,111,"Won",92,94,"Lost",100,88,"Won"
"758",758,127,132,"Lost",98,108,"Lost",82,97,"Lost",95,92,"Won"
"759",759,100,107,"Lost",96,133,"Lost",102,85,"Won",115,110,"Won"
"760",760,122,116,"Won",127,110,"Won",112,105,"Won",74,86,"Lost"
"761",761,121,98,"Won",91,100,"Lost",93,100,"Lost",97,83,"Won"
"762",762,115,108,"Won",104,103,"Won",110,106,"Won",120,105,"Won"
"763",763,108,113,"Lost",111,131,"Lost",108,116,"Lost",99,105,"Lost"
"764",764,113,119,"Lost",113,105,"Won",111,116,"Lost",103,89,"Won"
"765",765,116,108,"Won",98,95,"Won",127,100,"Won",95,108,"Lost"
"766",766,125,100,"Won",131,127,"Won",119,128,"Lost",98,83,"Won"
"767",767,113,101,"Won",120,124,"Lost",98,106,"Lost",116,128,"Lost"
"768",768,120,111,"Won",114,96,"Won",121,109,"Won",88,97,"Lost"
"769",769,123,114,"Won",114,110,"Won",101,93,"Won",77,83,"Lost"
"770",770,122,102,"Won",90,107,"Lost",115,114,"Won",91,84,"Won"
"771",771,109,132,"Lost",108,105,"Won",94,99,"Lost",99,125,"Lost"
"772",772,109,107,"Won",148,142,"Won",118,116,"Won",86,91,"Lost"
"773",773,104,113,"Lost",113,116,"Lost",95,102,"Lost",96,95,"Won"
"774",774,95,89,"Won",106,98,"Won",99,127,"Lost",100,99,"Won"
"775",775,105,103,"Won",96,114,"Lost",118,109,"Won",95,103,"Lost"
"776",776,129,95,"Won",110,123,"Lost",123,112,"Won",108,128,"Lost"
"777",777,121,114,"Won",93,79,"Won",92,111,"Lost",113,117,"Lost"
"778",778,129,115,"Won",111,117,"Lost",104,105,"Lost",98,126,"Lost"
"779",779,104,108,"Lost",103,105,"Lost",94,106,"Lost",101,92,"Won"
"780",780,130,126,"Won",104,89,"Won",115,106,"Won",103,94,"Won"
"781",781,111,108,"Won",104,101,"Won",125,117,"Won",118,115,"Won"
"782",782,103,112,"Lost",141,128,"Won",102,107,"Lost",90,98,"Lost"
"783",783,129,97,"Won",102,107,"Lost",93,91,"Won",86,95,"Lost"
"784",784,118,122,"Lost",121,103,"Won",115,104,"Won",115,121,"Lost"
"785",785,105,115,"Lost",111,98,"Won",116,121,"Lost",94,99,"Lost"
"786",786,111,122,"Lost",87,111,"Lost",113,105,"Won",74,91,"Lost"
"787",787,100,87,"Won",119,107,"Won",110,82,"Won",74,78,"Lost"
"788",788,125,88,"Won",120,128,"Lost",113,120,"Lost",91,100,"Lost"
"789",789,116,87,"Won",95,97,"Lost",99,90,"Won",123,98,"Won"
"790",790,92,101,"Lost",101,111,"Lost",116,102,"Won",111,102,"Won"
"791",791,118,94,"Won",100,111,"Lost",98,94,"Won",112,94,"Won"
"792",792,120,123,"Lost",106,121,"Lost",90,82,"Won",98,109,"Lost"
"793",793,114,112,"Won",102,89,"Won",89,101,"Lost",101,107,"Lost"
"794",794,102,99,"Won",99,98,"Won",103,115,"Lost",117,106,"Won"
"795",795,102,118,"Lost",102,96,"Won",118,111,"Won",117,116,"Won"
"796",796,107,118,"Lost",119,107,"Won",101,91,"Won",88,109,"Lost"
"797",797,127,113,"Won",114,110,"Won",109,98,"Won",122,100,"Won"
"798",798,112,96,"Won",91,102,"Lost",127,119,"Won",109,99,"Won"
"799",799,117,116,"Won",94,98,"Lost",114,112,"Won",94,103,"Lost"
"800",800,97,114,"Lost",113,99,"Won",98,107,"Lost",115,89,"Won"
"801",801,109,110,"Lost",92,87,"Won",117,104,"Won",103,100,"Won"
"802",802,106,95,"Won",128,125,"Won",89,95,"Lost",98,123,"Lost"
"803",803,120,122,"Lost",128,113,"Won",114,123,"Lost",104,116,"Lost"
"804",804,121,129,"Lost",124,107,"Won",98,112,"Lost",91,93,"Lost"
"805",805,134,132,"Won",109,95,"Won",96,116,"Lost",78,91,"Lost"
"806",806,104,106,"Lost",126,101,"Won",109,121,"Lost",111,101,"Won"
"807",807,94,119,"Lost",99,109,"Lost",129,122,"Won",111,97,"Won"
"808",808,95,87,"Won",107,83,"Won",91,86,"Won",113,115,"Lost"
"809",809,122,119,"Won",98,93,"Won",114,88,"Won",75,97,"Lost"
"810",810,111,103,"Won",107,89,"Won",111,101,"Won",106,112,"Lost"
"811",811,127,118,"Won",106,115,"Lost",118,95,"Won",97,77,"Won"
"812",812,95,109,"Lost",109,97,"Won",117,114,"Won",97,100,"Lost"
"813",813,113,109,"Won",107,83,"Won",104,92,"Won",142,119,"Won"
"814",814,121,114,"Won",99,97,"Won",140,116,"Won",90,109,"Lost"
"815",815,101,127,"Lost",122,95,"Won",116,99,"Won",94,82,"Won"
"816",816,117,96,"Won",98,105,"Lost",105,98,"Won",104,79,"Won"
"817",817,95,98,"Lost",99,92,"Won",110,94,"Won",85,95,"Lost"
"818",818,105,89,"Won",103,111,"Lost",122,124,"Lost",98,105,"Lost"
"819",819,119,103,"Won",112,107,"Won",108,99,"Won",121,103,"Won"
"820",820,111,103,"Won",104,121,"Lost",91,82,"Won",92,87,"Won"
"821",821,92,112,"Lost",102,86,"Won",114,80,"Won",111,108,"Won"
"822",822,91,115,"Lost",111,106,"Won",124,118,"Won",130,99,"Won"
"823",823,122,117,"Won",123,119,"Won",100,83,"Won",103,91,"Won"
"824",824,112,114,"Lost",130,103,"Won",99,91,"Won",106,82,"Won"
"825",825,129,127,"Won",112,107,"Won",89,101,"Lost",104,94,"Won"
"826",826,121,118,"Won",117,92,"Won",111,105,"Won",108,81,"Won"
"827",827,99,107,"Lost",94,109,"Lost",101,120,"Lost",93,84,"Won"
"828",828,132,111,"Won",115,112,"Won",102,98,"Won",116,120,"Lost"
"829",829,149,146,"Won",89,103,"Lost",94,119,"Lost",115,90,"Won"
"830",830,126,101,"Won",81,96,"Lost",101,99,"Won",110,114,"Lost"
"831",831,94,87,"Won",106,115,"Lost",102,98,"Won",89,95,"Lost"
"832",832,108,101,"Won",92,95,"Lost",119,98,"Won",110,106,"Won"
"833",833,120,116,"Won",99,108,"Lost",105,103,"Won",109,96,"Won"
"834",834,106,107,"Lost",104,101,"Won",102,89,"Won",117,122,"Lost"
"835",835,98,86,"Won",97,111,"Lost",121,111,"Won",100,93,"Won"
"836",836,126,110,"Won",119,84,"Won",113,103,"Won",104,112,"Lost"
"837",837,106,114,"Lost",113,101,"Won",94,106,"Lost",94,91,"Won"
"838",838,107,114,"Lost",118,128,"Lost",107,123,"Lost",102,100,"Won"
"839",839,107,120,"Lost",109,104,"Won",100,102,"Lost",94,80,"Won"
"840",840,90,80,"Won",120,117,"Won",107,102,"Won",114,91,"Won"
"841",841,124,98,"Won",85,102,"Lost",112,102,"Won",112,79,"Won"
"842",842,90,120,"Lost",113,106,"Won",120,118,"Won",110,103,"Won"
"843",843,102,99,"Won",115,112,"Won",106,90,"Won",105,110,"Lost"
"844",844,112,104,"Won",109,114,"Lost",90,85,"Won",108,96,"Won"
"845",845,101,99,"Won",102,93,"Won",111,104,"Won",115,121,"Lost"
"846",846,125,121,"Won",97,95,"Won",131,115,"Won",99,90,"Won"
"847",847,110,99,"Won",100,89,"Won",104,90,"Won",131,123,"Won"
"848",848,90,129,"Lost",111,129,"Lost",91,95,"Lost",87,93,"Lost"
"849",849,131,109,"Won",95,105,"Lost",102,106,"Lost",108,98,"Won"
"850",850,103,111,"Lost",89,90,"Lost",102,100,"Won",93,87,"Won"
"851",851,99,96,"Won",99,104,"Lost",114,119,"Lost",104,89,"Won"
"852",852,93,96,"Lost",112,94,"Won",109,108,"Won",91,108,"Lost"
"853",853,136,118,"Won",116,122,"Lost",119,100,"Won",105,111,"Lost"
"854",854,123,115,"Won",107,79,"Won",112,100,"Won",104,97,"Won"
"855",855,123,129,"Lost",110,93,"Won",111,102,"Won",103,93,"Won"
"856",856,108,103,"Won",104,112,"Lost",103,91,"Won",101,95,"Won"
"857",857,99,92,"Won",91,93,"Lost",109,90,"Won",97,101,"Lost"
"858",858,113,132,"Lost",97,84,"Won",119,99,"Won",95,91,"Won"
"859",859,91,92,"Lost",108,95,"Won",112,117,"Lost",122,103,"Won"
"860",860,118,110,"Won",95,101,"Lost",113,119,"Lost",112,96,"Won"
"861",861,115,110,"Won",116,106,"Won",123,96,"Won",100,91,"Won"
"862",862,126,118,"Won",119,116,"Won",115,109,"Won",122,112,"Won"
"863",863,104,107,"Lost",109,91,"Won",91,87,"Won",94,98,"Lost"
"864",864,110,128,"Lost",111,112,"Lost",105,109,"Lost",96,111,"Lost"
"865",865,102,97,"Won",110,104,"Won",108,109,"Lost",90,111,"Lost"
"866",866,132,105,"Won",117,115,"Won",98,104,"Lost",98,92,"Won"
"867",867,121,96,"Won",120,99,"Won",123,116,"Won",101,108,"Lost"
"868",868,123,96,"Won",108,107,"Won",90,110,"Lost",110,108,"Won"
"869",869,110,93,"Won",95,94,"Won",88,90,"Lost",117,98,"Won"
"870",870,127,131,"Lost",91,97,"Lost",102,109,"Lost",93,99,"Lost"
"871",871,144,127,"Won",109,91,"Won",101,117,"Lost",88,102,"Lost"
"872",872,105,128,"Lost",114,116,"Lost",106,95,"Won",118,111,"Won"
"873",873,110,99,"Won",108,93,"Won",115,107,"Won",101,86,"Won"
"874",874,128,110,"Won",114,110,"Won",106,101,"Won",104,111,"Lost"
"875",875,113,120,"Lost",97,109,"Lost",113,102,"Won",104,109,"Lost"
"876",876,96,102,"Lost",99,106,"Lost",84,92,"Lost",105,76,"Won"
"877",877,95,86,"Won",91,93,"Lost",86,98,"Lost",94,88,"Won"
"878",878,96,89,"Won",109,100,"Won",97,107,"Lost",96,105,"Lost"
"879",879,100,128,"Lost",111,96,"Won",110,121,"Lost",89,83,"Won"
"880",880,113,104,"Won",90,85,"Won",93,94,"Lost",88,84,"Won"
"881",881,97,105,"Lost",115,111,"Won",111,125,"Lost",84,94,"Lost"
"882",882,93,98,"Lost",106,108,"Lost",95,96,"Lost",89,102,"Lost"
"883",883,110,104,"Won",98,96,"Won",93,108,"Lost",91,84,"Won"
"884",884,107,99,"Won",93,102,"Lost",117,113,"Won",106,108,"Lost"
"885",885,129,108,"Won",98,104,"Lost",116,104,"Won",104,101,"Won"
"886",886,124,126,"Lost",98,104,"Lost",118,111,"Won",100,91,"Won"
"887",887,125,118,"Won",88,95,"Lost",130,136,"Lost",118,119,"Lost"
"888",888,102,114,"Lost",117,119,"Lost",108,114,"Lost",107,100,"Won"
"889",889,101,113,"Lost",100,91,"Won",109,112,"Lost",113,100,"Won"
"890",890,97,100,"Lost",95,107,"Lost",100,102,"Lost",83,108,"Lost"
"891",891,109,98,"Won",120,87,"Won",119,102,"Won",115,89,"Won"
"892",892,128,122,"Won",96,94,"Won",104,74,"Won",96,104,"Lost"
"893",893,125,130,"Lost",109,115,"Lost",126,121,"Won",103,85,"Won"
"894",894,126,111,"Won",117,111,"Won",107,105,"Won",85,120,"Lost"
"895",895,125,87,"Won",124,109,"Won",113,82,"Won",90,104,"Lost"
"896",896,97,91,"Won",91,105,"Lost",108,110,"Lost",92,93,"Lost"
"897",897,99,89,"Won",104,111,"Lost",115,108,"Won",103,99,"Won"
"898",898,108,107,"Won",121,112,"Won",117,107,"Won",107,111,"Lost"
"899",899,113,106,"Won",119,96,"Won",117,110,"Won",113,99,"Won"
"900",900,113,97,"Won",112,97,"Won",99,79,"Won",113,99,"Won"
"901",901,124,127,"Lost",95,100,"Lost",73,82,"Lost",99,107,"Lost"
"902",902,125,130,"Lost",95,106,"Lost",108,107,"Won",106,97,"Won"
"903",903,92,83,"Won",93,87,"Won",79,109,"Lost",102,105,"Lost"
"904",904,118,114,"Won",124,118,"Won",95,105,"Lost",102,95,"Won"
"905",905,114,107,"Won",95,102,"Lost",113,100,"Won",106,92,"Won"
"906",906,111,84,"Won",103,100,"Won",114,101,"Won",110,89,"Won"
"907",907,141,130,"Won",115,108,"Won",90,105,"Lost",99,100,"Lost"
"908",908,93,113,"Lost",109,115,"Lost",99,107,"Lost",85,100,"Lost"
"909",909,111,104,"Won",108,96,"Won",119,108,"Won",116,109,"Won"
"910",910,111,86,"Won",123,114,"Won",109,111,"Lost",108,86,"Won"
"911",911,99,123,"Lost",84,103,"Lost",127,114,"Won",95,101,"Lost"
"912",912,109,101,"Won",113,109,"Won",135,90,"Won",100,103,"Lost"
"913",913,116,102,"Won",103,98,"Won",122,108,"Won",94,104,"Lost"
"914",914,113,100,"Won",95,89,"Won",118,111,"Won",125,130,"Lost"
"915",915,89,108,"Lost",112,118,"Lost",96,88,"Won",118,78,"Won"
"916",916,108,92,"Won",99,92,"Won",121,125,"Lost",109,101,"Won"
"917",917,122,113,"Won",108,85,"Won",69,95,"Lost",107,91,"Won"
"918",918,101,76,"Won",130,123,"Won",92,96,"Lost",107,97,"Won"
"919",919,105,99,"Won",82,107,"Lost",122,100,"Won",96,84,"Won"
"920",920,119,123,"Lost",103,116,"Lost",89,100,"Lost",104,97,"Won"
"921",921,116,108,"Won",111,104,"Won",98,102,"Lost",102,94,"Won"
"922",922,108,105,"Won",96,91,"Won",103,100,"Won",97,107,"Lost"
"923",923,108,116,"Lost",87,102,"Lost",108,97,"Won",101,109,"Lost"
"924",924,99,104,"Lost",81,91,"Lost",102,95,"Won",94,108,"Lost"
"925",925,110,97,"Won",126,116,"Won",132,120,"Won",144,147,"Lost"
"926",926,107,119,"Lost",97,92,"Won",92,107,"Lost",99,95,"Won"
"927",927,107,104,"Won",131,124,"Won",103,90,"Won",115,107,"Won"
"928",928,107,97,"Won",111,107,"Won",114,123,"Lost",97,88,"Won"
"929",929,106,98,"Won",113,112,"Won",109,106,"Won",97,88,"Won"
"930",930,116,101,"Won",89,101,"Lost",108,113,"Lost",104,88,"Won"
"931",931,104,112,"Lost",99,110,"Lost",95,89,"Won",121,112,"Won"
"932",932,77,133,"Lost",117,110,"Won",107,97,"Won",109,99,"Won"
"933",933,88,111,"Lost",105,98,"Won",93,85,"Won",104,100,"Won"
"934",934,113,105,"Won",104,102,"Won",132,98,"Won",87,107,"Lost"
"935",935,98,121,"Lost",117,100,"Won",85,95,"Lost",107,81,"Won"
"936",936,113,107,"Won",101,102,"Lost",109,89,"Won",113,98,"Won"
"937",937,111,117,"Lost",101,104,"Lost",108,101,"Won",98,104,"Lost"
"938",938,90,112,"Lost",117,124,"Lost",103,86,"Won",119,116,"Won"
"939",939,106,105,"Won",111,119,"Lost",120,131,"Lost",107,102,"Won"
"940",940,110,129,"Lost",98,102,"Lost",94,99,"Lost",127,106,"Won"
"941",941,114,112,"Won",106,102,"Won",109,113,"Lost",98,85,"Won"
"942",942,103,107,"Lost",89,103,"Lost",113,111,"Won",106,90,"Won"
"943",943,133,120,"Won",107,116,"Lost",114,95,"Won",114,95,"Won"
"944",944,98,115,"Lost",109,102,"Won",110,94,"Won",94,104,"Lost"
"945",945,95,105,"Lost",109,116,"Lost",122,100,"Won",128,103,"Won"
"946",946,128,100,"Won",105,102,"Won",112,101,"Won",103,90,"Won"
"947",947,108,86,"Won",104,107,"Lost",122,118,"Won",77,89,"Lost"
"948",948,118,91,"Won",99,109,"Lost",112,92,"Won",100,112,"Lost"
"949",949,105,129,"Lost",100,95,"Won",121,120,"Won",107,97,"Won"
"950",950,118,124,"Lost",101,112,"Lost",116,92,"Won",113,95,"Won"
"951",951,117,131,"Lost",101,95,"Won",79,97,"Lost",106,90,"Won"
"952",952,112,114,"Lost",98,96,"Won",99,96,"Won",82,105,"Lost"
"953",953,113,102,"Won",110,106,"Won",108,116,"Lost",103,105,"Lost"
"954",954,96,86,"Won",97,90,"Won",119,120,"Lost",88,100,"Lost"
"955",955,115,92,"Won",99,88,"Won",112,118,"Lost",115,96,"Won"
"956",956,121,104,"Won",87,101,"Lost",110,105,"Won",112,95,"Won"
"957",957,132,106,"Won",104,100,"Won",113,121,"Lost",104,94,"Won"
"958",958,121,113,"Won",123,114,"Won",118,111,"Won",118,81,"Won"
"959",959,96,90,"Won",117,105,"Won",116,105,"Won",114,108,"Won"
"960",960,90,105,"Lost",107,113,"Lost",105,100,"Won",105,101,"Won"
"961",961,111,102,"Won",126,113,"Won",110,89,"Won",108,101,"Won"
"962",962,105,122,"Lost",100,94,"Won",109,87,"Won",100,97,"Won"
"963",963,139,105,"Won",92,106,"Lost",130,101,"Won",96,76,"Won"
"964",964,83,110,"Lost",104,94,"Won",104,84,"Won",104,98,"Won"
"965",965,111,128,"Lost",115,97,"Won",133,105,"Won",100,105,"Lost"
"966",966,97,99,"Lost",101,115,"Lost",109,88,"Won",93,98,"Lost"
"967",967,107,110,"Lost",90,110,"Lost",114,84,"Won",118,96,"Won"
"968",968,103,106,"Lost",111,100,"Won",94,101,"Lost",78,103,"Lost"
"969",969,103,91,"Won",91,113,"Lost",110,114,"Lost",98,94,"Won"
"970",970,126,129,"Lost",95,92,"Won",99,102,"Lost",126,97,"Won"
"971",971,120,96,"Won",115,125,"Lost",90,117,"Lost",111,114,"Lost"
"972",972,109,119,"Lost",122,105,"Won",111,103,"Won",108,95,"Won"
"973",973,102,100,"Won",96,93,"Won",115,119,"Lost",110,112,"Lost"
"974",974,103,95,"Won",116,69,"Won",100,103,"Lost",96,83,"Won"
"975",975,114,110,"Won",100,105,"Lost",124,110,"Won",76,111,"Lost"
"976",976,131,118,"Won",95,123,"Lost",92,85,"Won",95,107,"Lost"
"977",977,136,134,"Won",112,106,"Won",88,86,"Won",119,124,"Lost"
"978",978,111,102,"Won",90,87,"Won",88,99,"Lost",90,83,"Won"
"979",979,102,88,"Won",95,118,"Lost",99,106,"Lost",99,123,"Lost"
"980",980,95,106,"Lost",116,111,"Won",95,91,"Won",107,105,"Won"
"981",981,121,105,"Won",108,82,"Won",87,77,"Won",111,108,"Won"
"982",982,109,118,"Lost",102,114,"Lost",87,117,"Lost",90,94,"Lost"
"983",983,111,110,"Won",116,111,"Won",116,111,"Won",109,87,"Won"
"984",984,128,95,"Won",108,103,"Won",103,95,"Won",96,106,"Lost"
"985",985,111,119,"Lost",109,104,"Won",115,107,"Won",100,91,"Won"
"986",986,107,88,"Won",115,100,"Won",134,95,"Won",83,80,"Won"
"987",987,123,98,"Won",116,123,"Lost",94,126,"Lost",107,94,"Won"
"988",988,125,131,"Lost",112,133,"Lost",89,120,"Lost",99,97,"Won"
"989",989,106,101,"Won",109,91,"Won",94,109,"Lost",105,100,"Won"
"990",990,124,109,"Won",120,115,"Won",98,115,"Lost",99,81,"Won"
"991",991,105,136,"Lost",105,100,"Won",116,124,"Lost",103,109,"Lost"
"992",992,85,99,"Lost",106,107,"Lost",103,114,"Lost",92,93,"Lost"
"993",993,114,103,"Won",79,95,"Lost",102,91,"Won",97,94,"Won"
"994",994,112,113,"Lost",111,107,"Won",96,91,"Won",95,109,"Lost"
"995",995,131,128,"Won",114,108,"Won",91,105,"Lost",123,122,"Won"
"996",996,104,96,"Won",114,121,"Lost",112,105,"Won",107,104,"Won"
"997",997,121,133,"Lost",108,97,"Won",98,106,"Lost",106,85,"Won"
"998",998,108,94,"Won",111,110,"Won",112,116,"Lost",95,98,"Lost"
"999",999,117,91,"Won",91,103,"Lost",113,118,"Lost",105,100,"Won"
"1000",1000,91,101,"Lost",107,126,"Lost",99,102,"Lost",123,131,"Lost"
"1001",1001,108,128,"Lost",131,107,"Won",110,112,"Lost",110,105,"Won"
"1002",1002,116,113,"Won",121,108,"Won",96,97,"Lost",88,125,"Lost"
"1003",1003,128,89,"Won",118,113,"Won",108,110,"Lost",74,85,"Lost"
"1004",1004,125,104,"Won",115,86,"Won",107,106,"Won",114,106,"Won"
"1005",1005,100,83,"Won",126,113,"Won",101,109,"Lost",104,84,"Won"
"1006",1006,115,112,"Won",118,97,"Won",101,107,"Lost",68,119,"Lost"
"1007",1007,115,99,"Won",102,120,"Lost",142,106,"Won",103,114,"Lost"
"1008",1008,115,108,"Won",104,109,"Lost",92,98,"Lost",97,104,"Lost"
"1009",1009,113,115,"Lost",104,95,"Won",101,92,"Won",102,93,"Won"
"1010",1010,114,122,"Lost",123,127,"Lost",106,98,"Won",101,103,"Lost"
"1011",1011,117,85,"Won",108,97,"Won",102,111,"Lost",90,88,"Won"
"1012",1012,104,109,"Lost",99,104,"Lost",112,103,"Won",106,110,"Lost"
"1013",1013,110,107,"Won",89,92,"Lost",120,125,"Lost",93,111,"Lost"
"1014",1014,95,102,"Lost",106,77,"Won",128,84,"Won",95,93,"Won"
"1015",1015,135,131,"Won",87,112,"Lost",106,107,"Lost",98,114,"Lost"
"1016",1016,107,108,"Lost",121,109,"Won",103,100,"Won",111,91,"Won"
"1017",1017,107,124,"Lost",91,113,"Lost",107,82,"Won",104,116,"Lost"
"1018",1018,88,121,"Lost",108,118,"Lost",105,98,"Won",98,95,"Won"
"1019",1019,116,110,"Won",91,103,"Lost",99,92,"Won",105,108,"Lost"
"1020",1020,104,108,"Lost",117,103,"Won",138,109,"Won",109,112,"Lost"
"1021",1021,118,107,"Won",115,108,"Won",88,105,"Lost",99,84,"Won"
"1022",1022,124,123,"Won",106,110,"Lost",97,92,"Won",96,102,"Lost"
"1023",1023,125,127,"Lost",120,115,"Won",113,80,"Won",120,113,"Won"
"1024",1024,125,115,"Won",93,100,"Lost",118,114,"Won",103,109,"Lost"
"1025",1025,98,103,"Lost",119,108,"Won",111,105,"Won",106,91,"Won"
"1026",1026,112,133,"Lost",88,98,"Lost",96,114,"Lost",108,105,"Won"
"1027",1027,100,104,"Lost",86,106,"Lost",85,121,"Lost",122,119,"Won"
"1028",1028,117,108,"Won",130,111,"Won",107,105,"Won",103,101,"Won"
"1029",1029,124,114,"Won",105,108,"Lost",110,128,"Lost",108,91,"Won"
"1030",1030,111,96,"Won",78,112,"Lost",97,87,"Won",109,106,"Won"
"1031",1031,98,105,"Lost",98,108,"Lost",93,111,"Lost",102,95,"Won"
"1032",1032,113,104,"Won",117,102,"Won",95,94,"Won",100,87,"Won"
"1033",1033,135,129,"Won",97,81,"Won",94,113,"Lost",96,100,"Lost"
"1034",1034,117,116,"Won",110,95,"Won",110,111,"Lost",114,108,"Won"
"1035",1035,102,112,"Lost",121,108,"Won",127,132,"Lost",97,95,"Won"
"1036",1036,112,107,"Won",95,97,"Lost",114,121,"Lost",105,106,"Lost"
"1037",1037,116,111,"Won",125,127,"Lost",120,105,"Won",94,103,"Lost"
"1038",1038,96,114,"Lost",116,104,"Won",90,96,"Lost",83,103,"Lost"
"1039",1039,114,109,"Won",118,103,"Won",126,115,"Won",123,111,"Won"
"1040",1040,112,121,"Lost",100,99,"Won",104,106,"Lost",97,114,"Lost"
"1041",1041,125,107,"Won",107,104,"Won",87,94,"Lost",99,116,"Lost"
"1042",1042,100,111,"Lost",97,109,"Lost",98,106,"Lost",104,108,"Lost"
"1043",1043,96,103,"Lost",98,99,"Lost",109,107,"Won",127,122,"Won"
"1044",1044,109,104,"Won",104,92,"Won",131,109,"Won",99,87,"Won"
"1045",1045,114,116,"Lost",91,115,"Lost",89,112,"Lost",86,96,"Lost"
"1046",1046,112,87,"Won",143,94,"Won",127,122,"Won",99,90,"Won"
"1047",1047,125,97,"Won",129,124,"Won",118,101,"Won",108,101,"Won"
"1048",1048,90,83,"Won",119,109,"Won",105,88,"Won",95,70,"Won"
"1049",1049,127,109,"Won",101,81,"Won",83,95,"Lost",91,103,"Lost"
"1050",1050,121,120,"Won",103,116,"Lost",120,101,"Won",85,97,"Lost"
"1051",1051,108,124,"Lost",104,98,"Won",101,95,"Won",103,91,"Won"
"1052",1052,109,117,"Lost",108,100,"Won",122,95,"Won",94,91,"Won"
"1053",1053,105,109,"Lost",125,95,"Won",103,112,"Lost",93,96,"Lost"
"1054",1054,124,116,"Won",94,95,"Lost",104,112,"Lost",104,113,"Lost"
"1055",1055,126,124,"Won",124,118,"Won",85,104,"Lost",112,115,"Lost"
"1056",1056,143,100,"Won",107,90,"Won",103,112,"Lost",116,105,"Won"
"1057",1057,101,103,"Lost",108,91,"Won",105,100,"Won",95,105,"Lost"
"1058",1058,119,113,"Won",107,113,"Lost",108,112,"Lost",106,100,"Won"
"1059",1059,103,104,"Lost",110,80,"Won",114,120,"Lost",92,89,"Won"
"1060",1060,110,119,"Lost",113,102,"Won",105,122,"Lost",92,74,"Won"
"1061",1061,95,123,"Lost",103,94,"Won",96,104,"Lost",103,106,"Lost"
"1062",1062,91,93,"Lost",118,102,"Won",91,70,"Won",112,98,"Won"
"1063",1063,125,118,"Won",88,116,"Lost",91,81,"Won",102,87,"Won"
"1064",1064,92,104,"Lost",97,105,"Lost",114,130,"Lost",87,82,"Won"
"1065",1065,114,118,"Lost",107,86,"Won",109,94,"Won",107,99,"Won"
"1066",1066,117,112,"Won",107,85,"Won",100,112,"Lost",87,83,"Won"
"1067",1067,113,102,"Won",92,100,"Lost",107,102,"Won",110,91,"Won"
"1068",1068,121,94,"Won",88,99,"Lost",106,88,"Won",102,107,"Lost"
"1069",1069,119,114,"Won",114,107,"Won",107,110,"Lost",92,84,"Won"
"1070",1070,119,127,"Lost",102,110,"Lost",115,102,"Won",111,116,"Lost"
"1071",1071,98,88,"Won",96,85,"Won",103,109,"Lost",103,107,"Lost"
"1072",1072,104,98,"Won",98,114,"Lost",91,94,"Lost",82,84,"Lost"
"1073",1073,140,126,"Won",100,91,"Won",128,90,"Won",90,88,"Won"
"1074",1074,117,113,"Won",95,120,"Lost",113,111,"Won",92,81,"Won"
"1075",1075,87,100,"Lost",111,118,"Lost",89,105,"Lost",108,88,"Won"
"1076",1076,97,113,"Lost",97,100,"Lost",108,97,"Won",101,87,"Won"
"1077",1077,131,117,"Won",113,105,"Won",95,68,"Won",108,96,"Won"
"1078",1078,109,119,"Lost",127,109,"Won",99,105,"Lost",120,101,"Won"
"1079",1079,104,92,"Won",102,87,"Won",81,90,"Lost",90,95,"Lost"
"1080",1080,119,127,"Lost",85,125,"Lost",118,97,"Won",114,90,"Won"
"1081",1081,119,122,"Lost",99,110,"Lost",129,132,"Lost",111,78,"Won"
"1082",1082,97,89,"Won",116,124,"Lost",85,98,"Lost",78,97,"Lost"
"1083",1083,130,117,"Won",83,105,"Lost",119,104,"Won",104,92,"Won"
"1084",1084,125,115,"Won",111,79,"Won",85,109,"Lost",116,114,"Won"
"1085",1085,86,98,"Lost",102,90,"Won",104,117,"Lost",101,116,"Lost"
"1086",1086,83,122,"Lost",107,100,"Won",99,104,"Lost",103,87,"Won"
"1087",1087,132,112,"Won",88,91,"Lost",114,119,"Lost",80,91,"Lost"
"1088",1088,112,109,"Won",118,107,"Won",87,92,"Lost",116,135,"Lost"
"1089",1089,100,110,"Lost",118,113,"Won",137,125,"Won",91,101,"Lost"
"1090",1090,123,116,"Won",107,84,"Won",85,96,"Lost",111,90,"Won"
"1091",1091,99,91,"Won",123,120,"Won",92,111,"Lost",101,87,"Won"
"1092",1092,113,107,"Won",104,101,"Won",107,84,"Won",100,91,"Won"
"1093",1093,104,115,"Lost",87,111,"Lost",102,115,"Lost",84,80,"Won"
"1094",1094,112,104,"Won",86,82,"Won",104,124,"Lost",104,81,"Won"
"1095",1095,112,96,"Won",146,114,"Won",108,83,"Won",103,99,"Won"
"1096",1096,129,124,"Won",113,122,"Lost",117,96,"Won",93,102,"Lost"
"1097",1097,123,104,"Won",92,88,"Won",149,106,"Won",118,129,"Lost"
"1098",1098,107,86,"Won",116,142,"Lost",116,101,"Won",99,95,"Won"
"1099",1099,138,93,"Won",126,80,"Won",107,103,"Won",110,99,"Won"
"1100",1100,116,111,"Won",93,102,"Lost",94,112,"Lost",88,83,"Won"
"1101",1101,111,106,"Won",106,101,"Won",110,107,"Won",114,120,"Lost"
"1102",1102,119,95,"Won",107,115,"Lost",111,109,"Won",91,102,"Lost"
"1103",1103,111,82,"Won",113,116,"Lost",101,94,"Won",106,123,"Lost"
"1104",1104,107,120,"Lost",99,95,"Won",106,101,"Won",121,97,"Won"
"1105",1105,104,106,"Lost",98,86,"Won",90,105,"Lost",110,96,"Won"
"1106",1106,113,116,"Lost",116,125,"Lost",83,120,"Lost",94,111,"Lost"
"1107",1107,107,100,"Won",92,79,"Won",96,99,"Lost",88,93,"Lost"
"1108",1108,128,103,"Won",99,94,"Won",93,89,"Won",111,77,"Won"
"1109",1109,118,68,"Won",109,115,"Lost",93,99,"Lost",127,122,"Won"
"1110",1110,116,96,"Won",102,109,"Lost",96,91,"Won",117,103,"Won"
"1111",1111,126,117,"Won",113,129,"Lost",123,115,"Won",95,78,"Won"
"1112",1112,113,89,"Won",91,97,"Lost",104,94,"Won",109,88,"Won"
"1113",1113,99,109,"Lost",110,92,"Won",109,129,"Lost",100,95,"Won"
"1114",1114,110,103,"Won",101,104,"Lost",111,115,"Lost",98,84,"Won"
"1115",1115,117,109,"Won",110,103,"Won",102,99,"Won",89,111,"Lost"
"1116",1116,114,124,"Lost",106,105,"Won",105,91,"Won",80,91,"Lost"
"1117",1117,110,126,"Lost",93,100,"Lost",110,118,"Lost",111,101,"Won"
"1118",1118,98,103,"Lost",98,109,"Lost",111,102,"Won",122,116,"Won"
"1119",1119,88,96,"Lost",99,82,"Won",121,116,"Won",117,114,"Won"
"1120",1120,120,113,"Won",110,100,"Won",111,114,"Lost",105,118,"Lost"
"1121",1121,118,101,"Won",105,109,"Lost",95,87,"Won",93,107,"Lost"
"1122",1122,104,99,"Won",95,94,"Won",92,94,"Lost",91,97,"Lost"
"1123",1123,121,116,"Won",112,103,"Won",120,105,"Won",123,86,"Won"
"1124",1124,103,113,"Lost",95,118,"Lost",93,71,"Won",109,97,"Won"
"1125",1125,115,103,"Won",112,99,"Won",121,124,"Lost",95,97,"Lost"
"1126",1126,89,115,"Lost",113,94,"Won",102,95,"Won",96,91,"Won"
"1127",1127,114,121,"Lost",111,103,"Won",100,96,"Won",102,107,"Lost"
"1128",1128,100,94,"Won",118,91,"Won",96,116,"Lost",92,82,"Won"
"1129",1129,107,106,"Won",111,96,"Won",104,81,"Won",113,88,"Won"
"1130",1130,128,112,"Won",104,111,"Lost",113,101,"Won",120,95,"Won"
"1131",1131,128,126,"Won",98,90,"Won",124,105,"Won",96,84,"Won"
"1132",1132,119,99,"Won",133,94,"Won",88,104,"Lost",86,96,"Lost"
"1133",1133,110,116,"Lost",135,114,"Won",64,80,"Lost",104,90,"Won"
"1134",1134,99,98,"Won",125,107,"Won",111,113,"Lost",90,93,"Lost"
"1135",1135,112,106,"Won",118,110,"Won",107,116,"Lost",102,93,"Won"
"1136",1136,96,89,"Won",114,106,"Won",115,121,"Lost",107,114,"Lost"
"1137",1137,116,100,"Won",111,104,"Won",119,112,"Won",102,91,"Won"
"1138",1138,111,96,"Won",90,87,"Won",96,73,"Won",106,94,"Won"
"1139",1139,86,101,"Lost",87,105,"Lost",126,109,"Won",91,102,"Lost"
"1140",1140,117,108,"Won",120,111,"Won",110,86,"Won",116,109,"Won"
"1141",1141,133,132,"Won",87,94,"Lost",77,85,"Lost",115,100,"Won"
"1142",1142,109,124,"Lost",112,128,"Lost",109,102,"Won",117,124,"Lost"
"1143",1143,102,110,"Lost",74,84,"Lost",89,82,"Won",116,111,"Won"
"1144",1144,110,112,"Lost",97,101,"Lost",103,93,"Won",104,101,"Won"
"1145",1145,123,115,"Won",111,95,"Won",90,83,"Won",85,112,"Lost"
"1146",1146,121,110,"Won",122,118,"Won",105,102,"Won",102,106,"Lost"
"1147",1147,98,80,"Won",117,113,"Won",107,100,"Won",103,97,"Won"
"1148",1148,109,116,"Lost",109,108,"Won",105,103,"Won",108,103,"Won"
"1149",1149,116,105,"Won",102,94,"Won",121,127,"Lost",110,103,"Won"
"1150",1150,111,134,"Lost",114,97,"Won",120,104,"Won",109,98,"Won"
"1151",1151,86,95,"Lost",112,99,"Won",107,111,"Lost",93,89,"Won"
"1152",1152,96,103,"Lost",107,96,"Won",105,110,"Lost",97,103,"Lost"
"1153",1153,107,112,"Lost",115,126,"Lost",121,117,"Won",115,86,"Won"
"1154",1154,95,88,"Won",125,101,"Won",90,93,"Lost",90,88,"Won"
"1155",1155,94,100,"Lost",124,119,"Won",108,115,"Lost",104,99,"Won"
"1156",1156,89,87,"Won",112,117,"Lost",88,113,"Lost",91,103,"Lost"
"1157",1157,107,98,"Won",99,113,"Lost",125,118,"Won",102,94,"Won"
"1158",1158,117,102,"Won",118,113,"Won",88,69,"Won",98,115,"Lost"
"1159",1159,105,114,"Lost",119,114,"Won",93,77,"Won",115,110,"Won"
"1160",1160,114,110,"Won",120,107,"Won",104,88,"Won",86,92,"Lost"
"1161",1161,113,102,"Won",112,104,"Won",106,105,"Won",96,95,"Won"
"1162",1162,119,100,"Won",97,104,"Lost",115,88,"Won",95,111,"Lost"
"1163",1163,82,104,"Lost",97,98,"Lost",94,90,"Won",122,114,"Won"
"1164",1164,118,103,"Won",94,86,"Won",96,102,"Lost",93,80,"Won"
"1165",1165,115,120,"Lost",107,110,"Lost",127,95,"Won",120,101,"Won"
"1166",1166,94,98,"Lost",92,98,"Lost",100,93,"Won",95,87,"Won"
"1167",1167,102,100,"Won",97,80,"Won",117,119,"Lost",106,114,"Lost"
"1168",1168,115,116,"Lost",115,117,"Lost",125,99,"Won",106,94,"Won"
"1169",1169,122,116,"Won",101,104,"Lost",133,120,"Won",96,97,"Lost"
"1170",1170,115,107,"Won",88,104,"Lost",112,105,"Won",85,100,"Lost"
"1171",1171,111,124,"Lost",96,107,"Lost",99,126,"Lost",107,101,"Won"
"1172",1172,117,101,"Won",137,110,"Won",99,105,"Lost",97,85,"Won"
"1173",1173,120,109,"Won",112,95,"Won",118,107,"Won",101,96,"Won"
"1174",1174,144,109,"Won",108,101,"Won",117,96,"Won",108,99,"Won"
"1175",1175,122,97,"Won",112,94,"Won",106,95,"Won",98,110,"Lost"
"1176",1176,108,95,"Won",103,99,"Won",100,106,"Lost",108,105,"Won"
"1177",1177,110,117,"Lost",107,102,"Won",105,119,"Lost",92,83,"Won"
"1178",1178,102,100,"Won",104,113,"Lost",91,102,"Lost",105,81,"Won"
"1179",1179,111,81,"Won",108,99,"Won",106,96,"Won",107,99,"Won"
"1180",1180,107,121,"Lost",90,96,"Lost",95,106,"Lost",107,103,"Won"
"1181",1181,109,99,"Won",112,99,"Won",104,122,"Lost",102,93,"Won"
"1182",1182,126,94,"Won",108,127,"Lost",109,105,"Won",106,93,"Won"
"1183",1183,102,101,"Won",105,96,"Won",94,105,"Lost",84,90,"Lost"
"1184",1184,123,118,"Won",83,105,"Lost",111,113,"Lost",100,81,"Won"
"1185",1185,88,96,"Lost",121,110,"Won",74,87,"Lost",102,97,"Won"
"1186",1186,109,95,"Won",122,130,"Lost",115,87,"Won",101,100,"Won"
"1187",1187,103,88,"Won",104,119,"Lost",108,110,"Lost",102,85,"Won"
"1188",1188,110,114,"Lost",120,107,"Won",96,86,"Won",90,82,"Won"
"1189",1189,95,120,"Lost",94,99,"Lost",122,120,"Won",107,98,"Won"
"1190",1190,111,119,"Lost",108,101,"Won",106,112,"Lost",111,109,"Won"
"1191",1191,111,134,"Lost",95,94,"Won",95,98,"Lost",92,91,"Won"
"1192",1192,105,107,"Lost",100,109,"Lost",101,125,"Lost",116,129,"Lost"
"1193",1193,106,118,"Lost",94,101,"Lost",91,101,"Lost",118,104,"Won"
"1194",1194,100,110,"Lost",124,112,"Won",110,96,"Won",95,93,"Won"
"1195",1195,98,107,"Lost",92,112,"Lost",118,93,"Won",101,99,"Won"
"1196",1196,116,99,"Won",113,110,"Won",104,98,"Won",103,119,"Lost"
"1197",1197,107,111,"Lost",126,121,"Won",107,123,"Lost",91,102,"Lost"
"1198",1198,91,110,"Lost",107,124,"Lost",122,115,"Won",106,98,"Won"
"1199",1199,122,113,"Won",119,109,"Won",115,107,"Won",118,108,"Won"
"1200",1200,115,146,"Lost",116,122,"Lost",102,112,"Lost",98,106,"Lost"
"1201",1201,117,113,"Won",113,86,"Won",107,100,"Won",84,100,"Lost"
"1202",1202,132,119,"Won",97,91,"Won",99,101,"Lost",103,102,"Won"
"1203",1203,120,119,"Won",97,119,"Lost",111,80,"Won",101,92,"Won"
"1204",1204,101,107,"Lost",99,101,"Lost",116,95,"Won",101,113,"Lost"
"1205",1205,107,108,"Lost",98,104,"Lost",106,110,"Lost",118,114,"Won"
"1206",1206,128,125,"Won",129,111,"Won",119,110,"Won",101,125,"Lost"
"1207",1207,131,121,"Won",112,103,"Won",108,107,"Won",101,88,"Won"
"1208",1208,114,113,"Won",119,98,"Won",124,121,"Won",109,111,"Lost"
"1209",1209,90,120,"Lost",101,83,"Won",97,109,"Lost",83,99,"Lost"
"1210",1210,125,113,"Won",114,122,"Lost",102,94,"Won",95,104,"Lost"
"1211",1211,136,114,"Won",91,110,"Lost",84,109,"Lost",120,105,"Won"
"1212",1212,99,107,"Lost",113,93,"Won",106,114,"Lost",97,84,"Won"
"1213",1213,108,105,"Won",108,94,"Won",122,100,"Won",88,111,"Lost"
"1214",1214,129,112,"Won",122,125,"Lost",112,80,"Won",107,117,"Lost"
"1215",1215,85,104,"Lost",116,110,"Won",97,85,"Won",108,104,"Won"
"1216",1216,107,95,"Won",107,115,"Lost",114,82,"Won",88,106,"Lost"
"1217",1217,128,110,"Won",99,104,"Lost",116,106,"Won",109,95,"Won"
"1218",1218,93,103,"Lost",99,115,"Lost",109,114,"Lost",94,92,"Won"
"1219",1219,113,92,"Won",104,89,"Won",94,100,"Lost",101,97,"Won"
"1220",1220,113,123,"Lost",85,99,"Lost",91,96,"Lost",99,95,"Won"
"1221",1221,115,96,"Won",113,141,"Lost",86,75,"Won",96,76,"Won"
"1222",1222,124,149,"Lost",106,117,"Lost",107,123,"Lost",124,103,"Won"
"1223",1223,124,109,"Won",97,94,"Won",119,108,"Won",103,120,"Lost"
"1224",1224,124,120,"Won",111,124,"Lost",112,92,"Won",93,102,"Lost"
"1225",1225,113,108,"Won",120,113,"Won",101,102,"Lost",97,105,"Lost"
"1226",1226,116,111,"Won",83,110,"Lost",88,86,"Won",114,99,"Won"
"1227",1227,114,120,"Lost",95,114,"Lost",103,86,"Won",107,98,"Won"
"1228",1228,104,113,"Lost",107,115,"Lost",111,94,"Won",94,86,"Won"
"1229",1229,117,110,"Won",123,101,"Won",112,97,"Won",114,94,"Won"
"1230",1230,136,104,"Won",90,96,"Lost",117,91,"Won",89,79,"Won"
"1231",1231,89,109,"Lost",69,101,"Lost",92,116,"Lost",94,103,"Lost"
"1232",1232,111,132,"Lost",103,89,"Won",95,92,"Won",105,109,"Lost"
"1233",1233,85,97,"Lost",110,112,"Lost",96,87,"Won",92,87,"Won"
"1234",1234,107,119,"Lost",96,81,"Won",95,99,"Lost",118,98,"Won"
"1235",1235,105,103,"Won",114,107,"Won",104,117,"Lost",98,104,"Lost"
"1236",1236,120,111,"Won",87,95,"Lost",88,99,"Lost",108,102,"Won"
"1237",1237,117,96,"Won",93,109,"Lost",111,112,"Lost",92,99,"Lost"
"1238",1238,113,91,"Won",114,87,"Won",95,105,"Lost",90,87,"Won"
"1239",1239,110,106,"Won",100,105,"Lost",86,100,"Lost",115,121,"Lost"
"1240",1240,135,106,"Won",107,86,"Won",117,97,"Won",92,100,"Lost"
"1241",1241,100,128,"Lost",119,116,"Won",102,94,"Won",119,104,"Won"
"1242",1242,116,107,"Won",120,117,"Won",125,107,"Won",110,116,"Lost"
"1243",1243,113,133,"Lost",92,101,"Lost",99,102,"Lost",104,98,"Won"
"1244",1244,95,125,"Lost",91,86,"Won",128,122,"Won",84,96,"Lost"
"1245",1245,117,115,"Won",96,91,"Won",122,96,"Won",94,108,"Lost"
"1246",1246,116,112,"Won",89,96,"Lost",103,113,"Lost",84,96,"Lost"
"1247",1247,110,103,"Won",103,104,"Lost",109,93,"Won",115,96,"Won"
"1248",1248,114,128,"Lost",106,114,"Lost",109,101,"Won",100,98,"Won"
"1249",1249,95,101,"Lost",110,93,"Won",99,118,"Lost",102,99,"Won"
"1250",1250,121,114,"Won",122,101,"Won",116,123,"Lost",101,87,"Won"
"1251",1251,111,104,"Won",104,105,"Lost",89,83,"Won",96,86,"Won"
"1252",1252,86,102,"Lost",112,107,"Won",107,100,"Won",119,114,"Won"
"1253",1253,110,87,"Won",100,117,"Lost",97,81,"Won",91,87,"Won"
"1254",1254,112,105,"Won",114,96,"Won",118,115,"Won",98,103,"Lost"
"1255",1255,112,110,"Won",103,94,"Won",83,85,"Lost",118,97,"Won"
"1256",1256,89,100,"Lost",97,88,"Won",128,120,"Won",92,108,"Lost"
"1257",1257,96,116,"Lost",117,112,"Won",101,103,"Lost",112,108,"Won"
"1258",1258,123,108,"Won",102,99,"Won",115,108,"Won",130,105,"Won"
"1259",1259,113,131,"Lost",119,112,"Won",108,96,"Won",82,94,"Lost"
"1260",1260,97,92,"Won",125,121,"Won",102,89,"Won",92,98,"Lost"
"1261",1261,144,122,"Won",110,89,"Won",113,117,"Lost",94,103,"Lost"
"1262",1262,133,132,"Won",107,130,"Lost",116,80,"Won",91,102,"Lost"
"1263",1263,116,109,"Won",103,93,"Won",91,106,"Lost",89,103,"Lost"
"1264",1264,126,112,"Won",102,84,"Won",104,127,"Lost",109,120,"Lost"
"1265",1265,90,93,"Lost",86,97,"Lost",105,102,"Won",100,107,"Lost"
"1266",1266,127,106,"Won",104,93,"Won",88,118,"Lost",96,103,"Lost"
"1267",1267,124,113,"Won",90,98,"Lost",106,95,"Won",84,94,"Lost"
"1268",1268,101,91,"Won",103,94,"Won",116,98,"Won",110,105,"Won"
"1269",1269,115,109,"Won",103,133,"Lost",88,75,"Won",101,106,"Lost"
"1270",1270,84,92,"Lost",101,97,"Won",100,106,"Lost",119,69,"Won"
"1271",1271,124,125,"Lost",104,109,"Lost",99,106,"Lost",102,96,"Won"
"1272",1272,123,103,"Won",117,115,"Won",98,83,"Won",92,94,"Lost"
"1273",1273,142,143,"Lost",116,104,"Won",113,96,"Won",87,95,"Lost"
"1274",1274,111,133,"Lost",113,115,"Lost",112,103,"Won",109,89,"Won"
"1275",1275,120,131,"Lost",112,119,"Lost",93,92,"Won",106,87,"Won"
"1276",1276,100,98,"Won",128,94,"Won",72,104,"Lost",92,87,"Won"
"1277",1277,115,112,"Won",93,114,"Lost",98,104,"Lost",117,93,"Won"
"1278",1278,132,112,"Won",112,108,"Won",111,104,"Won",93,103,"Lost"
"1279",1279,113,117,"Lost",107,111,"Lost",105,99,"Won",76,97,"Lost"
"1280",1280,101,103,"Lost",77,87,"Lost",118,101,"Won",110,117,"Lost"
"1281",1281,116,115,"Won",107,91,"Won",110,108,"Won",120,134,"Lost"
"1282",1282,112,113,"Lost",111,101,"Won",98,79,"Won",101,91,"Won"
"1283",1283,116,118,"Lost",113,110,"Won",113,115,"Lost",90,101,"Lost"
"1284",1284,140,136,"Won",96,79,"Won",106,103,"Won",114,109,"Won"
"1285",1285,119,91,"Won",96,87,"Won",91,94,"Lost",102,92,"Won"
"1286",1286,121,108,"Won",130,88,"Won",103,94,"Won",136,139,"Lost"
"1287",1287,115,124,"Lost",109,91,"Won",108,82,"Won",71,99,"Lost"
"1288",1288,88,120,"Lost",96,114,"Lost",113,110,"Won",103,113,"Lost"
"1289",1289,107,105,"Won",92,102,"Lost",91,97,"Lost",98,94,"Won"
"1290",1290,113,101,"Won",115,111,"Won",98,106,"Lost",97,94,"Won"
"1291",1291,131,117,"Won",97,116,"Lost",96,89,"Won",113,118,"Lost"
"1292",1292,131,123,"Won",126,121,"Won",114,122,"Lost",102,75,"Won"
"1293",1293,149,129,"Won",100,97,"Won",114,99,"Won",78,95,"Lost"
"1294",1294,118,101,"Won",88,93,"Lost",105,99,"Won",92,112,"Lost"
"1295",1295,123,124,"Lost",120,128,"Lost",94,102,"Lost",132,114,"Won"
"1296",1296,108,92,"Won",130,132,"Lost",106,114,"Lost",110,92,"Won"
"1297",1297,127,108,"Won",117,100,"Won",96,108,"Lost",103,112,"Lost"
"1298",1298,112,113,"Lost",105,84,"Won",130,121,"Won",101,112,"Lost"
"1299",1299,128,119,"Won",92,108,"Lost",122,117,"Won",104,88,"Won"
"1300",1300,112,113,"Lost",102,90,"Won",109,91,"Won",87,88,"Lost"
"1301",1301,103,100,"Won",140,131,"Won",96,107,"Lost",112,95,"Won"
"1302",1302,111,83,"Won",116,109,"Won",102,98,"Won",100,115,"Lost"
"1303",1303,104,101,"Won",120,115,"Won",102,107,"Lost",92,87,"Won"
"1304",1304,126,107,"Won",100,108,"Lost",97,103,"Lost",104,94,"Won"
"1305",1305,116,104,"Won",103,91,"Won",94,113,"Lost",106,99,"Won"
"1306",1306,112,131,"Lost",111,117,"Lost",120,114,"Won",85,105,"Lost"
"1307",1307,112,108,"Won",106,96,"Won",117,88,"Won",76,106,"Lost"
"1308",1308,117,123,"Lost",107,99,"Won",113,104,"Won",97,122,"Lost"
"1309",1309,98,107,"Lost",76,124,"Lost",100,129,"Lost",112,106,"Won"
"1310",1310,121,100,"Won",100,105,"Lost",119,82,"Won",95,111,"Lost"
"1311",1311,105,87,"Won",102,99,"Won",110,113,"Lost",112,94,"Won"
"1312",1312,108,100,"Won",121,122,"Lost",109,74,"Won",104,111,"Lost"
"1313",1313,81,100,"Lost",111,96,"Won",114,99,"Won",111,112,"Lost"
"1314",1314,118,123,"Lost",106,113,"Lost",101,75,"Won",94,106,"Lost"
"1315",1315,110,129,"Lost",103,110,"Lost",94,98,"Lost",97,95,"Won"
"1316",1316,107,113,"Lost",104,125,"Lost",107,96,"Won",111,95,"Won"
"1317",1317,119,113,"Won",142,101,"Won",96,88,"Won",86,76,"Won"
"1318",1318,93,98,"Lost",97,106,"Lost",114,111,"Won",81,65,"Won"
"1319",1319,103,121,"Lost",119,95,"Won",111,116,"Lost",92,82,"Won"
"1320",1320,143,121,"Won",107,103,"Won",81,97,"Lost",115,87,"Won"
"1321",1321,118,115,"Won",117,106,"Won",96,121,"Lost",103,102,"Won"
"1322",1322,105,119,"Lost",104,111,"Lost",92,103,"Lost",93,90,"Won"
"1323",1323,119,134,"Lost",94,108,"Lost",111,103,"Won",112,108,"Won"
"1324",1324,93,132,"Lost",104,87,"Won",101,94,"Won",111,86,"Won"
"1325",1325,97,102,"Lost",100,108,"Lost",91,106,"Lost",98,86,"Won"
"1326",1326,102,86,"Won",114,133,"Lost",84,88,"Lost",99,85,"Won"
"1327",1327,118,91,"Won",117,115,"Won",112,123,"Lost",98,78,"Won"
"1328",1328,130,127,"Won",89,101,"Lost",91,96,"Lost",97,136,"Lost"
"1329",1329,140,128,"Won",104,113,"Lost",96,89,"Won",115,109,"Won"
"1330",1330,104,89,"Won",116,94,"Won",107,77,"Won",110,107,"Won"
"1331",1331,116,83,"Won",94,108,"Lost",97,87,"Won",94,99,"Lost"
"1332",1332,123,113,"Won",98,103,"Lost",89,92,"Lost",81,82,"Lost"
"1333",1333,119,115,"Won",86,96,"Lost",120,99,"Won",110,105,"Won"
"1334",1334,109,103,"Won",99,105,"Lost",102,78,"Won",87,99,"Lost"
"1335",1335,112,115,"Lost",107,97,"Won",104,108,"Lost",103,94,"Won"
"1336",1336,110,104,"Won",113,96,"Won",104,78,"Won",106,88,"Won"
"1337",1337,102,111,"Lost",95,117,"Lost",98,105,"Lost",84,104,"Lost"
"1338",1338,108,110,"Lost",100,88,"Won",112,94,"Won",102,113,"Lost"
"1339",1339,90,89,"Won",109,106,"Won",97,106,"Lost",130,95,"Won"
"1340",1340,98,110,"Lost",99,96,"Won",76,97,"Lost",94,86,"Won"
"1341",1341,109,117,"Lost",102,120,"Lost",124,119,"Won",103,97,"Won"
"1342",1342,113,94,"Won",83,97,"Lost",107,119,"Lost",111,105,"Won"
"1343",1343,93,108,"Lost",110,142,"Lost",96,101,"Lost",120,100,"Won"
"1344",1344,107,125,"Lost",102,94,"Won",125,134,"Lost",104,102,"Won"
"1345",1345,112,123,"Lost",106,134,"Lost",86,107,"Lost",92,91,"Won"
"1346",1346,113,102,"Won",122,100,"Won",107,112,"Lost",96,92,"Won"
"1347",1347,109,104,"Won",95,108,"Lost",114,106,"Won",90,68,"Won"
"1348",1348,87,103,"Lost",117,83,"Won",118,108,"Won",87,81,"Won"
"1349",1349,114,120,"Lost",75,69,"Won",100,108,"Lost",111,98,"Won"
"1350",1350,121,114,"Won",93,90,"Won",128,129,"Lost",92,101,"Lost"
"1351",1351,106,100,"Won",102,110,"Lost",112,107,"Won",116,111,"Won"
"1352",1352,120,110,"Won",104,100,"Won",100,79,"Won",97,93,"Won"
"1353",1353,101,113,"Lost",109,87,"Won",97,100,"Lost",98,107,"Lost"
"1354",1354,117,93,"Won",102,106,"Lost",94,99,"Lost",100,105,"Lost"
"1355",1355,93,115,"Lost",114,101,"Won",94,110,"Lost",101,105,"Lost"
"1356",1356,122,94,"Won",102,91,"Won",94,119,"Lost",85,70,"Won"
"1357",1357,100,110,"Lost",113,93,"Won",109,108,"Won",118,127,"Lost"
"1358",1358,128,123,"Won",112,101,"Won",104,116,"Lost",101,95,"Won"
"1359",1359,102,107,"Lost",95,111,"Lost",104,116,"Lost",94,78,"Won"
"1360",1360,116,82,"Won",112,89,"Won",89,95,"Lost",84,91,"Lost"
"1361",1361,91,97,"Lost",107,88,"Won",101,83,"Won",106,81,"Won"
"1362",1362,128,101,"Won",106,101,"Won",105,88,"Won",85,107,"Lost"
"1363",1363,122,113,"Won",98,84,"Won",110,111,"Lost",123,101,"Won"
"1364",1364,95,102,"Lost",89,110,"Lost",121,100,"Won",71,113,"Lost"
"1365",1365,131,115,"Won",93,109,"Lost",121,91,"Won",89,87,"Won"
"1366",1366,105,90,"Won",104,109,"Lost",114,109,"Won",105,109,"Lost"
"1367",1367,111,113,"Lost",86,104,"Lost",106,109,"Lost",91,114,"Lost"
"1368",1368,120,114,"Won",118,71,"Won",98,86,"Won",100,86,"Won"
"1369",1369,121,124,"Lost",104,122,"Lost",90,88,"Won",95,92,"Won"
"1370",1370,116,102,"Won",107,115,"Lost",99,93,"Won",101,110,"Lost"
"1371",1371,102,106,"Lost",109,113,"Lost",81,86,"Lost",101,97,"Won"
"1372",1372,104,100,"Won",97,104,"Lost",94,96,"Lost",100,88,"Won"
"1373",1373,115,112,"Won",112,114,"Lost",123,117,"Won",129,135,"Lost"
"1374",1374,128,116,"Won",94,82,"Won",124,115,"Won",100,107,"Lost"
"1375",1375,107,124,"Lost",92,84,"Won",104,86,"Won",103,114,"Lost"
"1376",1376,122,104,"Won",106,104,"Won",116,98,"Won",81,91,"Lost"
"1377",1377,110,114,"Lost",106,96,"Won",108,105,"Won",94,88,"Won"
"1378",1378,104,97,"Won",107,113,"Lost",121,105,"Won",112,105,"Won"
"1379",1379,NA,NA,NA,96,90,"Won",100,109,"Lost",97,94,"Won"
"1380",1380,NA,NA,NA,121,113,"Won",88,74,"Won",115,123,"Lost"
"1381",1381,NA,NA,NA,102,108,"Lost",102,91,"Won",81,88,"Lost"
"1382",1382,NA,NA,NA,99,108,"Lost",115,110,"Won",106,94,"Won"
"1383",1383,NA,NA,NA,NA,NA,NA,97,101,"Lost",119,123,"Lost"
"1384",1384,NA,NA,NA,NA,NA,NA,119,125,"Lost",97,95,"Won"
"1385",1385,NA,NA,NA,NA,NA,NA,115,108,"Won",105,114,"Lost"
"1386",1386,NA,NA,NA,NA,NA,NA,101,94,"Won",88,117,"Lost"
"1387",1387,NA,NA,NA,NA,NA,NA,92,107,"Lost",94,90,"Won"
"1388",1388,NA,NA,NA,NA,NA,NA,83,104,"Lost",104,115,"Lost"
"1389",1389,NA,NA,NA,NA,NA,NA,105,96,"Won",93,103,"Lost"
"1390",1390,NA,NA,NA,NA,NA,NA,117,102,"Won",101,85,"Won"
"1391",1391,NA,NA,NA,NA,NA,NA,99,104,"Lost",115,114,"Won"
"1392",1392,NA,NA,NA,NA,NA,NA,104,98,"Won",97,92,"Won"
"1393",1393,NA,NA,NA,NA,NA,NA,92,89,"Won",83,93,"Lost"
"1394",1394,NA,NA,NA,NA,NA,NA,95,106,"Lost",112,94,"Won"
"1395",1395,NA,NA,NA,NA,NA,NA,96,113,"Lost",118,101,"Won"
"1396",1396,NA,NA,NA,NA,NA,NA,130,103,"Won",95,92,"Won"
"1397",1397,NA,NA,NA,NA,NA,NA,103,84,"Won",97,105,"Lost"
"1398",1398,NA,NA,NA,NA,NA,NA,120,75,"Won",114,117,"Lost"
"1399",1399,NA,NA,NA,NA,NA,NA,91,93,"Lost",96,98,"Lost"
"1400",1400,NA,NA,NA,NA,NA,NA,102,97,"Won",97,100,"Lost"
"1401",1401,NA,NA,NA,NA,NA,NA,95,88,"Won",99,122,"Lost"
"1402",1402,NA,NA,NA,NA,NA,NA,106,108,"Lost",109,82,"Won"
"1403",1403,NA,NA,NA,NA,NA,NA,91,86,"Won",102,98,"Won"
"1404",1404,NA,NA,NA,NA,NA,NA,97,93,"Won",129,95,"Won"
"1405",1405,NA,NA,NA,NA,NA,NA,116,102,"Won",112,115,"Lost"
"1406",1406,NA,NA,NA,NA,NA,NA,NA,NA,NA,105,95,"Won"
"1407",1407,NA,NA,NA,NA,NA,NA,NA,NA,NA,92,89,"Won"
"1408",1408,NA,NA,NA,NA,NA,NA,NA,NA,NA,86,96,"Lost"
"1409",1409,NA,NA,NA,NA,NA,NA,NA,NA,NA,105,109,"Lost"
"1410",1410,NA,NA,NA,NA,NA,NA,NA,NA,NA,95,87,"Won"
"1411",1411,NA,NA,NA,NA,NA,NA,NA,NA,NA,77,90,"Lost"
"1412",1412,NA,NA,NA,NA,NA,NA,NA,NA,NA,93,73,"Won"
"1413",1413,NA,NA,NA,NA,NA,NA,NA,NA,NA,71,90,"Lost"
"1414",1414,NA,NA,NA,NA,NA,NA,NA,NA,NA,100,106,"Lost"
"1415",1415,NA,NA,NA,NA,NA,NA,NA,NA,NA,105,110,"Lost"
"1416",1416,NA,NA,NA,NA,NA,NA,NA,NA,NA,103,96,"Won"
